Bad Bunny,EL √öLTIMO TOUR DEL MUNDO,D√ÅKITI,2020-11-27,16
Bad Bunny,D√ÅKITI,D√ÅKITI,2020-10-30,1
Feid,CLASSY 101,CLASSY 101,2023-03-31,1
Shakira,Monoton√≠a,Monoton√≠a,2022-10-19,1
Ozuna,Nibiru,Baila Baila Baila,2019-11-29,18
Rauw Alejandro,Tattoo,Tattoo,2020-02-13,1
Becky G,boomerang,boomerang,2024-03-15,1
Luis Fonsi,B√©same,B√©same,2021-06-04,1
Gente De Zona,Feliz,Feliz,2023-08-30,1
Chuwi,Tierra,Mundi,2024-03-23,5
Mima,Bachaqu√©,Bachaqu√©,2023-11-19,1
Gente De Zona,Demasiado,Feliz,2024-04-18,10
Chuwi,Pan,Tikiri,2022-10-28,4
Ozuna,Cosmo,La 65,2023-11-17,15
Gente De Zona,OTRA COSA,Momento,2019-05-24,16
Ozuna,OzuTochi,La Copa,2022-10-07,18
Chuwi,Pan,Uwu,2022-10-28,4
Nacho,Miami,Miami,2024-07-25,1
Mit√∫,Astra,Nene,2023-04-26,10
Ozuna,Nibiru,Danzau,2019-11-29,18
Isabella Lovestory,Latina,Latina,2023-03-15,1
Ozuna,4:22,4:22,2022-10-06,1
Mima,El arca de Mima,El arca de Mima,2021-06-13,1
Mima,La m√°quina patinaba,La m√°quina patinaba,2014-12-02,1
Danny Ocean,Latino Hits 2024,AMOR,2024-03-16,44
Ozuna,Un Reel,Un Reel,2022-10-06,1
Luna Luna,L.L.,La Calma,2023-09-29,6
Danny Ocean,Latino Hits 2024,Brisa,2024-03-16,44
KAROL G,ODISEA,ODISEA,2021-03-25,1
Sof√≠a Reyes,Latino Hits 2024,tqum,2024-03-16,44
Mima,El Pozo,La Princesa,2011-10-05,11
Los Inconformes,Culpa,Culpa,2023-10-31,1
Bebo Dumont,Ninguna,Ninguna,2023-11-22,1
Bad Gyal,Top Canciones LATAM,Chulo pt.2,2023-09-01,30
Young Miko,Mix: Lo Mejor de la M√∫sica Latina 2023,Lisa,2023-10-20,30
2024 Hottest Songs,Hottest Songs Mix Up,Latin Hit,2024-01-25,5
Von Galo,Calling,Calling,2024-10-04,3
SOG,Latino Hits 2024,P√≥rtate mal,2024-03-16,44
Mima,Mima,Mima,2005-06-05,10
Piso 21,Latino Hits 2024,Sueltas,2024-03-16,44
Mima,Mima,Cae,2005-06-05,10
Mula,Ven Vamos,Ven Vamos,2022-08-05,1
Jarina De Marco,Vac√≠o,Vac√≠o,2021-09-02,1
Calma Carmona,Where did you go?,Where did you go?,2024-07-26,1
Be√©le,Lo M√°s Escuchado del 2023,Guaro,2023-12-14,5
Black Guayaba,La F√°brica de Sue√±os,Cielo,2024-05-24,7
Chuwi,Tiroteo,Tiroteo,2021-04-07,1
Mima,El Pozo,Ojo avizor,2011-10-05,11
PIQUETE,Fluir,Fluir,2019-10-26,1
Cardi B,Latino Hits 2024,I Like It,2024-03-16,44
Mima,Mima,Mon√≠n,2005-06-05,10
√åF√â,0000+0000,Heart Full of Love,2021-11-05,11
Yandel,Latino Hits 2024,Borracho y loco,2024-03-16,44
Bacilos,Latino Hits 2024,Caraluna,2024-03-16,44
LA GENTE SF,Borderless,Morena,2020-01-24,6
Belinda,Latino Hits 2024,Cactus,2024-03-16,44
Yng Lvcas,Latino Hits 2024,Wazap,2024-03-16,44
Mint Field,Aprender a Ser,El Suspiro Cambia Todo,2023-10-27,10
Von Galo,Tiempo,Tiempo,2023-04-28,1
Mario Bautista,Latino Hits 2024,An√≥nimo,2024-03-16,44
Elena Rose,Latino Hits 2024,Disculpa amiga,2024-03-16,44
LAGOS,Latino Hits 2024,Blanco y negro,2024-03-16,44
Bang Data,Mucho Poco,Bailazo,2014-10-14,10
Mit√∫,Astra,Yodo,2023-04-26,10
Marc Segu√≠,Viva Latinos,Tiroteo - Remix,2023-10-03,34
DannyLux,Latino Hits 2024,HOUSE OF LUX,2024-03-16,44
Mint Field,Aprender a Ser,Orqu√≠dea,2023-10-27,10
Zion & Lennox,Mega Hits Latinos,Otra vez,2024-01-30,30
Quevedo,Latino Hits 2024,Playa del ingl√©s,2024-03-16,44
iZaak,Top Hits Latinos 2023,Juqueando,2023-12-16,50
J Balvin,M√∫sica Variada y de todo,Ginza,2021-05-28,34
La Misa Negra,La Misa Negra,Tierra,2017-09-29,13
Lp Certified,Latina Lover,Latina Lover,2024-07-04,1
Kali Uchis,Lo mas copado del 2023,Moonlight,2023-12-16,32
Meridian Brothers,Mi Latinoam√©rica Sufre,Mis soledades,2024-07-12,11
Similar,ÏÉÅÏÉÅ,ÏÉÅÏÉÅ (feat. Somm),2016-12-21,2
Bad Bondy,latino rap,latino rap,2024-07-11,1
Tiago PZK,Latino Hits 2024,Me enter√©,2024-03-16,44
Tayko,Ecolocalizaci√≥n,Bunta,2023-09-08,15
BluNites,Diabla,Diabla,2024-07-01,1
Mint Field,Sensibilidad dormida,Sensibilidad dormida,2024-07-24,3
Candy Colors,Brotherhood,Brotherhood,2024-04-30,1
√åF√â,IIII+IIII,HIGHER LOVE,2017-03-31,9
Mayani Swave,Playlist (Spanish Remix),Playlist (Spanish Remix),2024-01-22,1
Siete Catorce,Cruda,Cheve,2022-04-26,9
Ozomatli,Sacude,Sacude,2022-03-25,1
Mint Field,Aprender a Ser,Sue√±o Despierto,2023-10-27,10
De La Ghetto,Latino Hits 2024,La f√≥rmula,2024-03-16,44
Mint Field,Sentimiento Mundial,Nadie te esta persiguiendo,2020-09-25,11
Feid,Top Latin Hits 2023,FERXXO 30,2023-12-16,20
Sebastian Yatra,Top Latin Hits 2023,Energ√≠a Bacana,2023-12-16,20
√âmina,Kingky,Kingky,2019-04-23,1
Mint Field,Ve hacia la ventana,Ve hacia la ventana,2024-05-29,1
LA GENTE SF,Borderless,En La Parranda,2020-01-24,6
Mima,El Pozo,La Parus√≠a,2011-10-05,11
Feid,Hits 2023: Reggaet√≥n,BUBALU,2023-11-10,25
Bacilos,Facho,Facho,2024-04-19,1
Nicole Zignago,Pop Latino 2024,mimos,2024-07-12,50
El Hijo de Borik√©n,M.G.M.,Naipe,2021-05-14,3
Calma Carmona,MQP,MQP,2023-08-25,1
Okan,Okantomi,Guerrero,2023-11-08,9
Puya,POTENCIAL,Puya Tuya,2024-05-24,8
Similar,ÏÉÅÏÉÅ,ÏÉÅÏÉÅ (feat. Somm),2016-12-21,2
Dogos,Una Vez,Una Vez,2023-04-24,1
Ozomatli,Marching On,Mula,2022-07-15,11
Mint Field,Aprender a Ser,Nuevo Sol,2023-10-27,10
S√°vila,S√°vila,Lineas,2018-08-20,10
Ozomatli,Non-Stop: Mexico to Jamaica,Eres,2017-05-05,14
Tayko,Ecolocalizaci√≥n,Bunta,2023-09-08,15
BluNites,Diabla,Diabla,2024-07-01,1
Puya,POTENCIAL,Potencial,2024-05-24,8
HYRA,About Us,Fi2Fi,2024-06-28,6
Mint Field,Sensibilidad dormida,Sensibilidad dormida,2024-07-24,3
¬øT√©o?,UNI2,UNI2,2020-05-08,1
Davila 666,Secretos,Zona Roja,2023-11-02,6
√åF√â,IIII+IIII,HIGHER LOVE,2017-03-31,9
Mayani Swave,Playlist (Spanish Remix),Playlist (Spanish Remix),2024-01-22,1
Sebimor,Huella,Huella,2023-10-06,1
Roberto Fonseca,La Gran Diversi√≥n,Baila Mulata,2023-09-22,10
Yongolailan,YEMAYA,Fuego Fatuo,2021-08-03,3
√åF√â,IIII+IIII,YUMAVISION,2017-03-31,9
Jarina De Marco,Monumento,Monumento,2023-11-14,1
Mint Field,Sentimiento Mundial,Nadie te esta persiguiendo,2020-09-25,11
Fof√© Y Los Fetiches,Lujo Eterno,Barquito De Papel,2013-01-28,10
Chango Menas,El Sol,El Sol,2020-11-11,1
√âmina,Kingky,Kingky,2019-04-23,1
Zuaraz,Bugambilia,Gea,2021-01-21,7
LA GENTE SF,Borderless,En La Parranda,2020-01-24,6
Skapulario,Animal,Animal,2003-06-24,12
HYRA,About Us,Nostalgia,2024-06-28,6
Mima,El Pozo,La Parus√≠a,2011-10-05,11
Bal√∫n,Prisma Tropical,AnÃÉos AtraÃÅs,2018-07-20,16
Nutopia,Otro Tiempo,Otro Tiempo,2023-02-22,1
Prettiest Eyes,Pools,Mire Nena,2017-11-03,12
El Hijo de Borik√©n,M.G.M.,Naipe,2021-05-14,3
Calma Carmona,MQP,MQP,2023-08-25,1
Mint Field,So√±√©,Aire,2022-01-14,2
Alegr√≠a Rampante,Poblado,Jirafa,2022-04-08,12
Vivanativa,Viejo,C√∫rame,2000-03-10,10
Ozomatli,Una M√°s,Una M√°s,2022-06-10,1
Monttenegro,Happiness,Happiness,2024-04-25,1
Mint Field,Aprender a Ser,Horizonte,2023-10-27,10
HYRA,About Us,The Invitation,2024-06-28,6
SAN CHA,Gay,Gay,2024-06-10,1
Circo,Auu,Auu,2022-12-22,1
Mit√∫,Astra,En Todas Partes,2023-04-26,10
Jarina De Marco,Bilingual,Bilingual,2018-08-07,1
Ozomatli,Place In The Sun,Ready To Go,2014-01-01,10
Ozomatli,Place In The Sun,Paleta,2014-01-01,10
GALE,D Pic,D Pic,2022-10-21,1
Mit√∫,Astra,Ilumina,2023-04-26,10
Pachyman,Sale el Sol,Sale el Sol,2023-09-25,3
Polaris,Suave,Su√£-v,2024-02-08,1
Tayko,Ecolocalizaci√≥n,Headshot,2023-09-08,15
Mint Field,Aprender a Ser,Moronas,2023-10-27,10
Milos,Serendipia,La Carrera,2024-09-13,6
Milos,TOT,TOT,2022-06-24,1
Rubytates,Salida,Salida,2023-08-25,10
Seba Otero,Salitre,Salitre,2022-06-09,1
Cabra,MART√çNEZ,Tiro Pa' Lante,2023-05-26,8
Mit√∫,TANDEM,ROMA,2019-10-04,12
Mit√∫,Cosmus,Fiebre,2017-08-25,11
√åF√â,0000+0000,Fake Blood,2021-11-05,11
Gina Chavez,Up.Rooted,Siete-D,2014-02-11,11
Jarina De Marco,Caribbean All-Inclusive Luxury,Fuego Lento,2023-09-05,9
Ley Vara,fire,fire,2023-12-01,1
Puya,Vital,Numbed,2014-11-28,12
NIKOLA,L√†tigo,L√†tigo,2023-08-18,1
Adri Torron,Verano Ros√©,Verano Ros√©,2023-06-30,5
RATAS,Divina,Divina,2023-11-03,1
JAVVI ELIAS,Suave,Suave,2023-01-13,1
√åF√â,0000+0000,Voodoo Economics (WolfMan),2021-11-05,11
Mit√∫,Cosmus,Suave,2017-08-25,11
Bal√∫n,Prisma Tropical,VaiveÃÅn,2018-07-20,16
√åF√â,0000+0000,Tu Sabes K Si,2021-11-05,11
Tayko,Ecolocalizaci√≥n,Ecolocalizaci√≥n,2023-09-08,15
Dogos,Dogos,La Linda,2018-06-22,8
√åF√â,IIII+IIII,YARI GEMINI (Beyi La),2017-03-31,9
Cabra,MART√çNEZ,Karaoke #1,2023-05-26,8
B-Side Players,Tranquil,Tranquil,2023-07-18,1
Polbo,Polbo,Dile A Raquel,2005-01-01,11
La Dame Blanche,Bailarina,Bailarina,2023-07-21,1
Words Four Two,El Sol (2023) [Radio Edit],El Sol (2023) - Radio Edit,2023-11-14,1
Sof√≠a Stainer,Latinita,Amor,2023-09-01,11
Qiensave,Mujer,High Class,2019-03-29,12
Mit√∫,Yodo,Yodo,2023-03-15,1
Ozomatli,Ozomatli Presents Ozokidz,Pira√±a,2012-09-25,14
El Hijo de Borik√©n,M.G.M.,Pr√≥ximamente (M.G.M.),2021-05-14,3
Laura Guevara,Fantasma,Fantasma,2024-10-04,1
Von Galo,Soul Searching,Soul Searching,2024-02-23,1
Polaris,Dime,Dime,2021-05-21,1
Red Tiger,Die Another Day,Die Another Day,2024-07-26,1
La R,La Recompensa,Ah√≠,2018-10-18,11
Gina Chavez,Up.Rooted,Gotta Get,2014-02-11,11
Mint Field,Una flor sin interior,Una flor sin interior,2024-06-26,2
Ocho Ojos,Ocho Ojos,Culebra,2018-03-08,7
Mit√∫,DANZAAA,MADERA,2024-03-20,11
Prettiest Eyes,Pools,Prance,2017-11-03,12
Fof√© Y Los Fetiches,La Juventud,La Juventud,2016-09-09,12
√åF√â,THE TEARER (Bembe),THE TEARER (Bembe),2018-12-04,1
Marc Segu√≠,LATIN MUSIC 2024,Tiroteo - Remix,2024-09-12,50
Mit√∫,DANZAAA,NICHO,2024-03-20,11
Piso 21,Pop Latino 2024,La misi√≥n,2024-07-12,50
Onda Moderna,LMQTA,Mujer,2022-06-10,6
Para√≠sos,Respiro,Respiro,2023-03-03,1
J Balvin,Top Latin Hits 2019,Reggaeton,2019-08-09,26
Labajura,Labajura,Far Away,2015-08-18,10
√åF√â,0000+0000,The Tearer (Bembe),2021-11-05,11
Breezewood la Connecta,Estrellas Pobres: El Camino Real,Borroso,2017-12-01,24
Onda Moderna,La Dif√≠cil,La Dif√≠cil,2020-03-28,1
TIM√ò,Today's Top Latin Hits,215 D√≠as,2023-10-10,25
Campo-Formio,Baba,Baba,2020-04-20,1
B-Side Players,Tierra Maya,Tierra Maya,2024-01-16,1
La R,La Recompensa,Regular,2018-10-18,11
Chris Jedi,Top Latin Songs 2022,La Llevo Al Cielo,2022-10-04,30
Tainy,Latino Hits 2022,Adicto,2022-09-01,48
KAROL G,Top Latin Hits 2023,TQG,2023-12-16,20
Bal√∫n,Memoria Textil,Minumina,2010-01-01,9
Blessd,Pop Latino 2024,DIFERENTE,2024-07-12,50
Alex Sensation,Mix Latino 2021,La Diabla,2021-01-29,30
Danny Ocean,Latin Hits 2022,Fuera del mercado,2022-04-22,10
Labajura,Labajura,Closer,2015-08-18,10
Indigo,Para Nadie En Particular,Atrofia,2011-09-26,13
Feid,Latin Rhythm - The Best Reggeaton Club Hits,CLASSY 101,2023-08-14,48
La R,En Cuarentena 2020,Yo la Voy a Celebrar,2020-12-05,5
Danny Ocean,LATIN MUSIC 2024,Me reh√∫so,2024-09-12,50
The Spam Allstars,Contra Los Roboticos Mutantes,El Lagarto,2004-01-01,10
La Mejor M√∫sica Electr√≥nica,Latino Moderno 2024,Pixelated Dreams,2024-09-19,9
KAROL G,Today's Top Latin Hits,TQG,2023-10-10,25
B-Side Players,Feed Your Spirit,Esperanza II,2003-07-22,14
Polbo,Polbo,Reza,2005-01-01,11
Boricua Boys,Spanish Hits 2020,Mi Gente,2020-07-31,24
Bang Data,Maldito Carnaval,Pressure,2009-10-06,7
Sebastian Yatra,Regueton Mix 2022 üòç,Regres√©,2022-05-13,34
Omaraga the G,Mi Tierra Latina,Ba,2024-09-22,60
J Balvin,Top Latin Hits 2023,Dientes,2023-12-16,20
Qiensave,Mujer,La Fuga,2019-03-29,12
Sebastian Yatra,M√∫sica Alegre Actual,Pareja Del A√±o,2022-01-21,36
RATAS,Todo Pierde Su Color,Todo Pierde Su Color,2023-11-30,2
Un.real,ISLANDS,Nylon Pop,2021-08-19,10
The Flashers Brothers,My Essential Latino Hits,Dile,2024-03-04,25
J Balvin,Top Latin Songs 2022,Nivel De Perreo,2022-10-04,30
JHAYCO,Top Latin Hits 2023,Ex-Special,2023-12-16,20
Milos,Agridulce,El Calent√≥n,2023-03-31,13
Qiensave,Mujer,Verano,2019-03-29,12
J Balvin,Top Latin Hits 2019,6 AM,2019-08-09,26
Campo-Formio,Plan Maestro,Baba Bongo,2020-10-15,10
B-Side Players,Fire In The Youth,El Comal,2007-01-01,11
Mima,√ëam √ëam,√ëam √ëam,2018-10-23,1
Onda Moderna,LMQTA,Subo al Cielo,2022-06-10,6
Zion & Lennox,Top Hits Latinos 2023,Otra vez,2023-12-16,50
Bal√∫n,Something Comes Our Way,Snol,2006-01-01,12
J Balvin,Pop Latino Exitos,Ginza,2020-08-21,28
NY Latino Chillout Caf√©,"Best of Latin Dance Party 2019 ‚Äì Hot Tropical Rhythms for Latin Fiesta, Music for Dancing",Latin Dance Fever,2019-01-31,20
Bal√∫n,Something Comes Our Way,People,2006-01-01,12
Dogos,Estudiante,Estudiante,2022-02-21,1
Danny Ocean,Per√∫ Hits 2023 Vol. 2,Me reh√∫so,2023-11-09,32
KAROL G,Best Of 2023: Breakout Artists,TQG,2023-11-29,20
Nacho,Latin Music Hits,B√°ilame,2023-05-31,34
Tropiezo,3 Acordes en 45 Segundos: La Historia de Tropiezo (1997-2017),Tropiezo,2017-09-11,32
L√∫ Polanco,MOVELO,MOVELO,2024-05-31,1
MICHELLE,alternative hits 2024,Oontz,2024-07-28,40
KAROL G,Hits From The Internet 2022,PROVENZA,2022-06-10,25
Como Las Movies,La Tiendita,La Tiendita,2022-09-09,1
La R,La Recompensa,El Escape,2018-10-18,11
Omaraga the G,Mi Tierra Latina,Atienza,2024-09-22,60
La Muchacha,La Cara,La Cara,2020-02-14,1
Former Astronauts,Former Astronauts - EP,Arquitectos - Bonus Track,2014-07-22,6
SLVG,GOTH LATINAS,GOTH LATINAS,2024-01-12,1
Yib√°ro,Te Deseo,Te Deseo,2018-09-29,1
Feid,New Global Pop Hits 2023 | Hot Hits International,Ni√±a Bonita,2023-05-30,23
J Balvin,Reggaeton Hits 2022,Gris,2022-03-11,30
√åF√â,The Tearer (Bembe),The Tearer (Bembe),2018-04-12,1
Poolpo,Migajas,Migajas,2022-11-23,1
Mit√∫,Mirow,Solo,2021-01-15,6
Kumbia Queers,Canta y No Llores,Sola,2015-07-08,12
Bal√∫n,Something Comes Our Way,Squared Triangles,2006-01-01,12
Nacho,Latin Summer 2024,B√°ilame,2024-04-29,30
Milos,Agridulce,GABA,2023-03-31,13
Bal√∫n,Memoria Textil,Berceuse,2010-01-01,9
Red Tiger,Evolution (Remastered),Sentence,2020-12-04,14
Spam Allstars,Introducing Spam Allstars,El Aguafiesta,2008,11
Cabas,Divina,Divina,2021-06-25,1
J Balvin,Latin Music Hits,No Es Justo,2023-05-31,34
Turista,La Nueva Esquina,Volando Bajito,2023-05-30,8
√åF√â,IIII+IIII (Deluxe Edition),UMBO (Come Down),2017-03-31,13
Bal√∫n,La Luna,La Luna,2012-01-01,4
Bal√∫n,Something Comes Our Way,Opening The Box,2006-01-01,12
Feid,Top Canciones LATAM,Normal,2023-09-01,30
Red Tiger,Alive... and Still Believing,Free,2014-08-16,12
Danny Ocean,Summer 2024 - Top 100 Songs,AMOR,2024-06-07,100
La R,En Cuarentena 2020,En Cuarentena,2020-12-05,5
Red Tiger,Gas N' Dust,Gas N' Dust,2024-09-27,1
Campo-Formio,Plan Maestro,El Para√≠so,2020-10-15,10
Red Tiger,Evolution (Remastered),Dove Love,2020-12-04,14
Campo-Formio,Plan Maestro,Mal Maestro,2020-10-15,10
Moncho Berry,Degenerado,Moon,2022-08-19,12
Words Four Two,El Sol (2023) [Remix],El Sol (2023) - Remix,2023-11-21,1
J Balvin,The Best Pop Music Videos,LA CANCI√ìN,2024-05-10,29
TROPA,O CALLA PARA SIEMPRE,GENUINO,2023-03-24,12
Turista,Turista,Prend√≠o,2016-07-15,8
Musica Latina,Popular Musica Latina,Popular Musica Latina,2021-06-06,10
Salsaloco De Cuba,"100 Hits Latin: La Mejor Musica Latina (Salsa, Rhumba, Bachata)",Nostalgia,2011-01-01,100
Feid,Top Latin Viral Hits 2023,BUBALU,2023-12-16,20
La Mejor M√∫sica Electr√≥nica,Latino Moderno 2024,SAKURA,2024-09-19,9
Bal√∫n,Memoria Textil,Las Abejas,2010-01-01,9
Sano,Latino Body Music Vol. IV,Tu Para Mi,2024-04-12,8
Bad Gyal,Top Latin Hits 2023,Chulo pt.2,2023-12-16,20
Bosques,Mutaciones,Cambia,2020-08-20,4
Badshah,Latino Summer Hits 2022,Voodoo,2022-05-26,34
Marc Segu√≠,LATIN MUSIC 2024,360,2024-09-12,50
Danny Ocean,Pop Latino 2024,Si no no,2024-07-12,50
Nicole Zignago,Pop Latino 2024,m√°s y menos,2024-07-12,50
Luis Fonsi,Top Latin Songs 2022,Vacaciones,2022-10-04,30
Yib√°ro,Yib√°ro,Quiero Ser,2018-03-25,13
Mit√∫,DANZAAA,VAGO,2024-03-20,11
La Mejor M√∫sica Electr√≥nica,Latino Moderno 2024,Tokyo Police,2024-09-19,9
Sebastian Yatra,Los Hits Latinos del 2021,Pareja Del A√±o,2021-12-10,25
DJ Sukha,Latin Music 2024,Sue√±o Europeo,2024-08-29,5
Piso 21,Top Latino Hits,La misi√≥n,2024-07-02,30
Feid,Latino Viral Hits,CLASSY 101,2023-05-04,20
Prettiest Eyes,Pools,See Saw,2017-11-03,12
Alibi Music,Reggaeton Latin Pop,Fuego Latino,2019-08-17,12
Sof√≠a Reyes,Latin Hits 2022,R.I.P.,2022-04-22,10
Fusion Latina,P√≥cima,P√≥cima,2022-05-02,1
Mit√∫,Cosmus,Fin,2017-08-25,11
Daddy Yankee,Summer Latino 2022,M√âTELE AL PERREO,2022-05-06,28
Young Miko,Hits en Spanglish,Pull Up,2023-08-14,19
Red Tiger,Evolution (Remastered),Rise Up,2020-12-04,14
The Flashers Brothers,My Essential Latino Hits,La mordidita,2024-03-04,25
B-Side Players,Culture of Resistance,Cruzando Fronteras,1999-07-20,13
Ozomatli,Fire Away,Are You Ready?,2010,11
RAVEN DAVE,Rap Latino,Rap Latino,2024-08-23,1
Aliss,voces,Tiempo,2023-01-06,9
LAGOS,Top Latino Hits,Dime qui√©n,2024-07-02,30
Quevedo,LATIN MUSIC 2024,Playa del ingl√©s,2024-09-12,50
"Tito ""El Bambino""",Latinos Unidos Hits,Caile,2021-08-11,33
Anti-Sociales,Canciones Sin Color Que Vas a Olvidar (2009 - 2015),Llorar√©,2018-04-10,36
Mit√∫,DANZAAA,YUCA,2024-03-20,11
B-Side Players,Renacimiento,Baila,2018-12-27,12
Fof√© Y Los Fetiches,Lujo Eterno,No Quiero Ser Tu,2013-01-28,10
Bal√∫n,Camila,Camila,2011-01-01,2
Daddy Yankee,Latino Summer Hits 2022,RUMBAT√ìN,2022-05-26,34
NY Latino Chillout Caf√©,"Best of Latin Dance Party 2019 ‚Äì Hot Tropical Rhythms for Latin Fiesta, Music for Dancing",Summer Chill,2019-01-31,20
Juventud Crasa,2004-2015,Crasa Juventud,2016-04-01,50
Bairoa,Barlovento EP,Lune,2016,6
Danny Ocean,Latina - Latin Hits 2023,Me reh√∫so,2023-08-09,28
Sof√≠a Reyes,Top Latino Hits,El 100,2024-07-02,30
DJ Sukha,Latin Music 2024,Lunes,2024-08-29,5
Musica Romantica de Fondo,Musica Latina Para Bailar,Vacio,2024-08-19,13
UNRB,Inform the Masses,Latin Song,2013-06-07,13
JHAYCO,Top Latin Hits 2023,Holanda,2023-12-16,20
Signature Tracks,Latina Upbeat,Nostalgico,2024-09-06,37
La R,En Cuarentena 2020,Madre Querida,2020-12-05,5
Anitta,Latin Hits 2022,Downtown,2022-04-22,10
RATAS,demos (2022),La Reina De La Noche,2023-02-24,7
KAROL G,Latin Music Hits,TQG,2023-05-31,34
Lalo Ebratt,Top Latin Hits 2019,Mocca,2019-08-09,26
Frontera Bugal√∫,Hermano Mayor,Hermano Mayor,2024-05-22,1
Juanes,Despidiendo El Verano con Pop Latino,Mala Gente - Remastered 2022,2024-07-26,34
Anitta,Latin Hits 2022,Envolver,2022-04-22,10
Anti-Sociales,Canciones Sin Color Que Vas a Olvidar (2009 - 2015),Otra Canci√≥n Gen√©rica Sobre el Amor,2018-04-10,36
Zion & Lennox,Latin Hits 2022,Brisa,2022-12-02,25
Mit√∫,DANZAAA,BROLO,2024-03-20,11
Myke Towers,Pop Latino 2024,ADIVINO,2024-07-12,50
Bal√∫n,Something Comes Our Way,Disappearing Act,2006-01-01,12
Ovy On The Drums,Pop Latino 2024,GANGSTER (PQFNEDG),2024-07-12,50
Piso 21,Summer 2024 - Top 100 Songs,La misi√≥n,2024-06-07,100
Bang Data,Mucho Poco,Sue√±a,2014-10-14,10
Reik,Hits 2020,Indeciso,2020-10-23,46
La Mejor M√∫sica Electr√≥nica,Latino Moderno 2024,Tropical Island Night,2024-09-19,9
TROPA,Genuino,Genuino,2022-02-25,1
AlterLatina,Wa8 - Fue M√∫sica,Wa8 - Fue M√∫sica,2021-07-01,1
Musica Latina Playlist,Musica - Restaurantes,Popular Musica Latina,2021-06-01,10
Lucas,Latina,Latina,2024-06-20,1
Juanes,Prende y pasa,Yerbatero,2024-04-19,21
Von Galo,Calling,Till Dawn,2024-10-04,3
B-Side Players,Radio Afro Mexica,Cultural Castration,2009-05-05,14
NY Latino Chillout Caf√©,"Best of Latin Dance Party 2019 ‚Äì Hot Tropical Rhythms for Latin Fiesta, Music for Dancing",Feel the Beat,2019-01-31,20
Rema,Latino Summer Hits 2022,Calm Down,2022-05-26,34
Sean Paul,Latino Hits 2022,No Lie,2022-09-01,48
Elaine,2,Star,2022-10-20,11
Juanes,Mix Latino 2021,Bonita,2021-01-29,30
Lele Pons,Latino Hits 2022,Celoso,2022-09-01,48
Danny Ocean,Super Hits 2023,Me reh√∫so,2024-02-03,58
Feid,Top Latin Viral Hits 2023,EXCXSXS,2023-12-16,20
J Balvin,Hits France 2022 Vol. 2,Sigue,2022-04-06,36
J Balvin,Latin Summer 2024,Mi Gente,2024-04-29,30
Tav√∫,Tavu,Espejismo,2004-01-01,9
Latin Electronic Dance Music,Spanish Electronic Dance Music (Copyright Free),Muy Caliente,2024-04-05,20
Danny Ocean,Mix musica estate 2023,Me reh√∫so,2024-05-16,32
La R,La Recompensa,Lo Que Me Gusta de Ti,2018-10-18,11
J Balvin,This is Spanglish,UN DIA (ONE DAY),2022-11-18,31
Reykon,Latina,Latina,2022-12-23,28
Yandel,LATIN MUSIC 2024,Borracho y loco,2024-09-12,50
Monte,NUJ,El Mundo,2023-11-30,3
Jerry Di,Latin Summer 2024,Mi Cuarto,2024-04-29,30
KAROL G,Best Of 2022,PROVENZA,2023-01-07,42
Tav√∫,Tavu,No de Este Mundo,2004-01-01,9
NY Latino Chillout Caf√©,"Best of Latin Dance Party 2019 ‚Äì Hot Tropical Rhythms for Latin Fiesta, Music for Dancing",Fiesta Buena,2019-01-31,20
Sebastian Yatra,Top Latin Songs 2022,Tacones Rojos,2022-10-04,30
Mima,Bachaqu√© (Villana Akin Remix),Bachaqu√© (Villana Akin Remix),2024-02-02,1
Norwayy,Este Lugar,Este Lugar,2023-07-07,1
Natalia Lugo,Fuera Del Marco,Prefiero Un Buen Momento,2018-08-24,8
Myke Towers,Pop Latino 2024,ADIVINO,2024-07-12,50
Almas Band,Semilla,Defineme el Tiempo,2006-01-01,13
Bal√∫n,Teletransporte,Teletransporte,2017-03-10,1
Bang Data,Loco,Loco,2019-02-23,12
Bal√∫n,El Medio Contenido,El Medio Contenido,2011-01-01,2
Bang Data,Mucho Poco,Sue√±a,2014-10-14,10
TROPA,Genuino,Genuino,2022-02-25,1
Kefas,Vendr√°n D√≠as Mejores,Tu Lengua,2022-05-20,10
Kran,Espera Et√©rea,Espera Et√©rea,2022-11-12,1
Von Galo,Calling,Till Dawn,2024-10-04,3
Turista,La Nueva Esquina,Quiebrasol,2023-05-30,8
Man√°,Pop Latino 2024,Mi verdad (feat. Shakira),2024-07-12,50
Man√°,Pop Latino 2024,Bendita tu luz,2024-07-12,50
Marc Segu√≠,Today's Latin Songs,Tiroteo - Remix,2023-10-26,36
Turista,Turista,Futurista,2016-07-15,8
Rando,Caribe Pop,La Indicada,2016-01-31,5
Maria McCausland,Suave,Suave,2022-07-28,1
Danny Ocean,Super Hits 2023,Me reh√∫so,2024-02-03,58
Shonny,Lua,Lua,2022-10-07,1
Feid,Top Latin Viral Hits 2023,EXCXSXS,2023-12-16,20
J Balvin,Hits France 2022 Vol. 2,Sigue,2022-04-06,36
La R,La Alborada,La Alborada,2013-07-06,1
Jr Loppez,M√∫sica Latina II,M√∫sica Latina - Jair Sandoval & Isak Salazar Remix,2023-02-08,6
Boundary,Al Tiempo Real,Global Transpose,2020-04-15,4
La R,La Recompensa,Lo Que Me Gusta de Ti,2018-10-18,11
Yandel,LATIN MUSIC 2024,Borracho y loco,2024-09-12,50
Monte,NUJ,El Mundo,2023-11-30,3
Luis Fonsi,Top Hits Virales,B√©same,2021-09-10,24
Tav√∫,Tavu,No de Este Mundo,2004-01-01,9
Monitor Collective,Ra√≠z,Ra√≠z,2023-07-12,1
J Balvin,Hitazos Summer 2022,UN DIA (ONE DAY),2022-05-06,25
Dunkelwald,Inerte,Inerte,2022-11-04,1
Labajura,B√°jale,LYA,2019-07-01,9
Danny Ocean,Hot Reggaeton 2023,Me reh√∫so,2023-05-12,16
Ragazzi,Mix: Pop Latino,Baila,2023-11-17,30
La Cantina,Latin Blues,Latin Blues,2023-11-10,1
Besos,Tus Palabras,Tus Palabras,2022-06-21,1
Red Tiger,Die Another Day,Ball of Snow,2024-10-12,12
Feid,Mix: Las M√°s Sonadas del 2023,CLASSY 101,2023-10-13,30
MO√úGLI,Aqu√≠ y Ahora,Aqu√≠ y Ahora,2024-04-12,1
Daddy Yankee,Hits 2020,Que Tire Pa Lante,2020-10-23,46
Mickey Destro,M√∏nte,M√∏nte,2021-05-15,3
Feid,Las Mejores Canciones del 2023,CLASSY 101,2023-12-01,30
Feid,Latina Para Conduciir,Querida,2024-01-05,28
Labajura,Labajura,Se√±ales Luminosas,2015-08-18,10
J Balvin,Summer Latino 2022,Ma' G,2022-05-06,28
LoCura,Animas,La Esencia,2008-01-01,12
Sebastian Yatra,Top Latin Viral Hits 2023,Energ√≠a Bacana,2023-12-16,20
Daddy Yankee,Top Latin Hits 2023,Pasarela,2023-12-16,20
Omaraga the G,Naciones Latinas,Alava,2024-09-22,60
Valentina,LYNFO,LYNFO,2021-08-20,1
Onda Moderna,LMQTA,A Mit√°,2022-06-10,6
NY Latino Chillout Caf√©,"Best of Latin Dance Party 2019 ‚Äì Hot Tropical Rhythms for Latin Fiesta, Music for Dancing",Hit Latin Dance Rhythms,2019-01-31,20
Vivanativa,Claro,Infinito,2002-01-01,10
Siete Catorce,2018 pt. 1,SAB,2024-06-21,10
Latin Masters,Top 40 Latin Classics - All the Best Latino Hits You'll Ever Need !,Lets Get Loud,2014-12-01,40
√ëejo & Dalmata,Latino Hits 2022,Pasarela,2022-09-01,48
KAROL G,Latinos Unidos Hits,Mi Cama,2021-08-11,33
KAROL G,Best Hits Of 2022,PROVENZA,2022-12-17,26
Mit√∫,Cosmus,Suave,2017-08-25,11
The Mar√≠as,Top Pop New Music 2024,Run Your Mouth,2024-06-07,55
Tropiezo,3 Acordes en 45 Segundos: La Historia de Tropiezo (1997-2017),Juicio Propio,2017-09-11,32
Feid,Grandes Temazos 2021,FRIKI,2023-08-04,40
Un Final Fatal,Tu Canci√≥n,Tu Canci√≥n,2022-02-19,1
The Romy,"Viva Latino 2024 - Latin Hit Mix - Latin Pop, Reggaeton, Latin Urban Top Hits",Soledad,2023-11-27,24
Sebastian Yatra,Hot Reget√≥n,Pareja Del A√±o,2021-09-27,33
Sisah,Uno,Vida,2018-05-04,10
Tav√∫,Puerto Rock Vol. 1,No One,2017-05-15,30
√Ålvaro De Luna,Pop Latino 2024,Desconocidos,2024-07-12,50
Llane,Pop Latino 2024,Obvio,2024-07-12,50
Feid,Pop Charts 2023 by Digster Pop,Ni√±a Bonita,2023-09-12,35
Cardi B,Summer 2024 - Top 100 Songs,I Like It,2024-06-07,100
RICO,"Viral Latino 2022 - Latin Pop, Latin House, Reggaeton, Electro Latino Top Exitos",Sabrosa,2022-07-04,24
Anti-Sociales,Canciones Sin Color Que Vas a Olvidar (2009 - 2015),Llegar al Sol,2018-04-10,36
Onda Moderna,Sex√≥tico,Sex√≥tico,2021-09-17,1
LoCura,Animas,¬øTe Va?,2008-01-01,12
Ovy On The Drums,LATIN MUSIC 2024,GHETTO PRINCESS,2024-09-12,50
Labajura,B√°jale,I Want You,2019-07-01,9
Yib√°ro,Yib√°ro,√ë√°√±iga,2018-03-25,13
Deuce Eclipse,Tirate la Chancla,Tirate la Chancla,2021-06-18,1
Jake Williams,REGGAETON & LATINO HITS 2024,¬øPa Qu√©?,2023-11-30,13
Chris Jedi,Latino Hits 2022,Ahora Dice,2022-09-01,48
Lola Pistola,Lizard,Lizard,2020-08-27,4
Almas Band,Audiotour,C-alma,2009-08-18,11
Yib√°ro,Yib√°ro,Bonsai Dub,2018-03-25,13
Jarina De Marco,Fuego Lento,Fuego Lento,2023-08-29,1
√åF√â,UMBO (Come Down),UMBO (Come Down),2016-12-02,1
Lele Pons,Summer Latino 2022,Al Lau,2022-05-06,28
NY Latino Chillout Caf√©,"Best of Latin Dance Party 2019 ‚Äì Hot Tropical Rhythms for Latin Fiesta, Music for Dancing",Party Beats - Until We Die,2019-01-31,20
J Balvin,Latin Summer 2024,Ay Vamos,2024-04-29,30
Myke Towers,LATIN MUSIC 2024,Experimento,2024-09-12,50
Tav√∫,Tavu,Recogiendo Impulsos,2004-01-01,9
Kings of Salsa,Top 40 Latin - The 30 Best Latin Hits of All Time,Baila Me,2013-04-29,30
Omaraga the G,Naciones Latinas,Alvorada,2024-09-22,60
The Mar√≠as,Top Tracks 100 Hot Hits,Run Your Mouth,2024-08-03,100
Elegante & La Imperial,Evolucion,Piensalo,2018-05-14,10
Bad Bunny,nadie sabe lo que va a pasar ma√±ana,PERRO NEGRO,2023-10-13,22
Myke Towers,LA VIDA ES UNA,LALA,2023-03-23,23
Rauw Alejandro,PLAYA SATURNO,DILUVIO,2023-07-07,14
Marshmello,Sugar Papi,El Merengue,2023-11-03,11
HUMBE,KINTSUGI,KINTSUGI,2024-09-26,1
Kali Uchis,ORQU√çDEAS,Dame Beso // Mu√©vete,2024-01-12,14
Alvaro Diaz,SAYONARA,BYAK,2024-05-17,20
Ela Minus,BROKEN,BROKEN,2024-10-02,2
Shakira,Las Mujeres Ya No Lloran,Monoton√≠a,2024-03-22,17
Goth Babe,Mexico,Mexico,2024-03-13,1
Kali Uchis,ORQU√çDEAS,Mu√±ekita (with El Alfa & JT),2024-01-12,14
Becky G,Arranca (feat. Omega),Arranca (feat. Omega),2023-03-10,1
J Balvin,Gaga,Gaga,2024-07-11,1
HUMBE,REM,REM,2024-02-23,1
iZaak,LUNA,LUNA,2024-08-16,1
J Balvin,Rayo,Gaga,2024-08-09,15
Alvaro Diaz,BYAK,BYAK,2024-03-29,1
Becky G,boomerang,boomerang,2024-03-15,1
Feid,Ni√±a Bonita,Ni√±a Bonita,2023-04-21,1
¬øT√©o?,¬°BANG BANG!,DURO,2024-07-26,2
Feid,LUNA,LUNA,2024-03-01,1
Luna Luna,Si Una Vez,Si Una Vez,2023-10-27,1
Kali Uchis,ORQU√çDEAS PARTE 2 - Deluxe,Perdiste,2024-08-09,18
Shakira,Punter√≠a,Punter√≠a,2024-03-21,1
Elsa y Elmar,PALACIO,Drogada de Emociones,2024-08-29,12
Fusion Latina,A + Q,A + Q,2024-07-19,1
Myke Towers,LVEU: VIVE LA TUYA...NO LA MIA,LALA,2023-09-18,23
Chuwi,Tierra,Mundi,2024-03-23,5
Mima,Bachaqu√©,Bachaqu√©,2023-11-19,1
Marshmello,El Merengue (HUGEL Remix),El Merengue - HUGEL Remix,2023-05-19,1
HYRA,About Us,About Us,2024-06-28,6
Gente De Zona,Celia,Celia,2024-02-22,1
Gizmo Varillas,Under the Weight,Under the Weight,2024-10-11,7
Brytiago,Caf√©,Caf√©,2024-07-18,1
Mayani Swave,Playlist,Playlist,2023-12-08,1
Ozuna,Afro,Curarme El Alma,2023-05-26,7
Elsa y Elmar,PALACIO,VISTO,2024-08-29,12
Sof√≠a Reyes,Latino Hits 2024,COBARDE,2024-03-16,44
Chromeo,Adult Contemporary (Deluxe),CODA,2024-10-04,20
Elsa y Elmar,VISTO,VISTO,2024-06-07,3
Danny Ocean,Latino Hits 2024,AMOR,2024-03-16,44
Miami Horror123,Beyond the Skyline,Latin Groove,2024-08-12,7
HYRA,Nostalgia,Nostalgia,2024-04-05,2
Calva Louise,La Corriente,La Corriente,2024-06-20,2
Twin Seas,LUNA,LUNA,2024-05-14,2
FARIANA,UNDERWATER,EL VIBE,2024-09-19,19
Danny Ocean,Latino Hits 2024,Brisa,2024-03-16,44
La Do√±a,Los Altos de La Soledad,La Fama,2024-09-06,12
Mabe Fratti,Sentir Que No Sabes,Pantalla azul,2024-06-28,13
Lido Pimienta,He Venido al Mar,He Venido al Mar - short mix,2024-05-14,2
Okan,Okantomi,Okantomi,2023-11-08,9
Luna Luna,L.L.,La Calma,2023-09-29,6
Sof√≠a Reyes,Latino Hits 2024,tqum,2024-03-16,44
Mabe Fratti,Sentir Que No Sabes,O√≠dos,2024-06-28,13
Mayani Swave,12345678,12345678,2024-07-07,1
Myke Towers,pop songs 2024,ADIVINO,2024-05-18,45
SOG,Latino Hits 2024,P√≥rtate mal,2024-03-16,44
Ovy On The Drums,Latino Hits 2024,EL HECHIZO,2024-03-16,44
Black Guayaba,La F√°brica de Sue√±os,Sue√±o Contigo,2024-05-24,7
Klik & Frik,Regenerar,Fuego,2023-04-14,11
Bebo Dumont,Ninguna,Ninguna,2023-11-22,1
Ramona,Amargura,Amargura,2024-03-29,1
Ximena Sari√±ana,Latino Hits 2024,¬øQu√© tiene?,2024-03-16,44
Latin Song Music,crecida,crecida,2024-07-30,1
Lenny Tav√°rez,Latino Hits 2024,EMPELOTICA,2024-03-16,44
Von Galo,Calling,Calling,2024-10-04,3
Los Inconformes,Culpa,Culpa,2023-10-31,1
iZaak,iZaak √âxitos,LUNA,2024-10-04,5
Yin Yin,Mount Matsu,The Year of the Tiger,2024-01-19,11
Hermes Croatto,A Tinti,A Tinti,2023-01-26,1
Yandel,Latino Hits 2024,Borracho y loco,2024-03-16,44
Reyna Tropical,Lo Siento,Lo Siento,2024-03-26,4
Salt Cathedral,"Thinking ('bout you, 'bout me) [dance edit]","Thinking ('bout you, 'bout me) - dance edit",2024-06-07,2
Seba Otero,Guarapo y Flor,Guarapo y Flor,2023-07-21,1
Cardi B,Latino Hits 2024,I Like It,2024-03-16,44
Yng Lvcas,Latino Hits 2024,Wazap,2024-03-16,44
Black Guayaba,La F√°brica de Sue√±os,Hacia el Futuro,2024-05-24,7
Technicolor Fabrics,Manto,Manto,2024-07-12,1
Mario Bautista,Latino Hits 2024,An√≥nimo,2024-03-16,44
Tiago PZK,LATIN MUSIC 2024,Alegr√≠a,2024-09-12,50
Elena Rose,Latino Hits 2024,Disculpa amiga,2024-03-16,44
KAROL G,Today's Top Latin Hits,QLONA,2023-10-10,25
Mickey Destro,Lola,Lola - Radio Edit,2024-06-08,2
Be√©le,Lo M√°s Escuchado del 2023,Guaro,2023-12-14,5
Nicola Cruz,Surface Tension (Edit),Surface Tension,2024-10-08,2
DannyLux,Latino Hits 2024,HOUSE OF LUX,2024-03-16,44
Mula,Mar,Mar,2024-09-27,1
Quevedo,Latino Hits 2024,Playa del ingl√©s,2024-03-16,44
Dogos,"√ìrbitas, Estrellas y Amantes Fugaces","√ìrbitas, Estrellas y Amantes Fugaces",2024-07-19,1
Maria Becerra,Latino Hits 2024,Piscina,2024-03-16,44
Mit√∫,Astra,Astra,2023-04-26,10
La L√°,DEBUT,Suave amor,2023-09-22,7
Labajura,Terrazza,Terrazza,2024-08-29,1
Mabe Fratti,Sentir Que No Sabes,Descubrimos un suspiro,2024-06-28,13
Mint Field,Aprender a Ser: Extended,Ve hacia la ventana,2024-08-30,7
Lido Pimienta,He Venido al Mar,He Venido al Mar - long mix,2024-05-14,2
ALOISIO,GROUPIE,GROUPIE,2023-06-30,1
Mit√∫,Astra,Yodo,2023-04-26,10
Seba Otero,Salitre,Salitre,2022-11-04,8
Mint Field,Sensibilidad dormida,Sensibilidad dormida,2024-07-24,3
Mit√∫,Astra,"""Toloquetiame""",2023-04-26,10
BluNites,Diabla,Diabla,2024-07-01,1
Bacilos,Latino Hits 2024,Caraluna,2024-03-16,44
KAROL G,Mix: Lo Mejor de la M√∫sica Latina 2023,QLONA,2023-10-20,30
LAGOS,Latino Hits 2024,Blanco y negro,2024-03-16,44
Belinda,Latino Hits 2024,Cactus,2024-03-16,44
Yng Lvcas,Latino Hits 2024,La bebe - Remix,2024-03-16,44
Sebastian Yatra,Mix: Lo Mejor de la M√∫sica Latina 2023,VAGABUNDO,2023-10-20,30
Yng Lvcas,Latino Hits 2024,Divi√©rtete,2024-03-16,44
Okan,Okantomi,Guerrero,2023-11-08,9
Pahua,Habita,Pa¬¥lante,2023-11-10,12
Mint Field,Aprender a Ser: Extended,Latido,2024-08-30,7
Feid,Top Latin Hits 2023,FERXXO 30,2023-12-16,20
Puya,POTENCIAL,Puya Tuya,2024-05-24,8
Alvaro Diaz,Mix: Lo Mejor de la M√∫sica Latina 2023,YOKO,2023-10-20,30
Zabuza,Latin Pop Volume 1.,La Luna el Sol,2024-07-30,27
Bad Bondy,latino rap,latino rap,2024-07-11,1
La Maquinaria Norte√±a,Mix: Lo Mejor de la M√∫sica Latina 2023,Eres Ese Algo,2023-10-20,30
Tiago PZK,Latino Hits 2024,Me enter√©,2024-03-16,44
Justin Quiles,Latino Hits 2024,Faldas y Gistros,2024-03-16,44
Mint Field,Aprender a Ser,Orqu√≠dea,2023-10-27,10
Zion & Lennox,Mega Hits Latinos,Otra vez,2024-01-30,30
MaryOla,Medio Mixto,P√∫rpura,2024-05-09,10
Mint Field,Aprender a Ser,Sue√±o Despierto,2023-10-27,10
Paulo Londra,Latino Hits 2024,Adan y Eva,2024-03-16,44
Polaris,Suave,Su√£-v,2024-02-08,1
Black Guayaba,Cielo,Cielo,2023-04-19,1
Justin Quiles,Latino Hits 2024,Whiskey y coco,2024-03-16,44
Sebastian Yatra,Top Canciones LATAM,VAGABUNDO,2023-09-01,30
TOLEDO,Popped Heart,Lindo Lindo,2024-04-12,5
Jarina De Marco,Monumento,Monumento,2023-11-14,1
Nutopia,Otro Tiempo,Otro Tiempo,2023-02-22,1
Angel Heredia,Latino,Latino,2024-08-02,1
Bad Bondy,jazzz latino,jazzz latino,2024-07-17,1
Fusion Latina,The Latin Music Hub 2023,The Latin Music Hub 2023,2023-07-28,1
Bad Bondy,Rap latino,Rap latino,2024-07-11,1
Tayko,Ecolocalizaci√≥n,Bunta,2023-09-08,15
Mit√∫,Astra,En Todas Partes,2023-04-26,10
Ovy On The Drums,Latino Hits 2024,GANGSTER (PQFNEDG),2024-03-16,44
Feid,Mix: Lo Mejor de la M√∫sica Latina 2023,Ni√±a Bonita,2023-10-20,30
Maria Becerra,Latino Hits 2024,PRIMER AVISO,2024-03-16,44
KAROL G,Mix: Lo Mejor de la M√∫sica Latina 2023,TQG,2023-10-20,30
Sebimor,Huella,Huella,2023-10-06,1
De La Ghetto,Latino Hits 2024,La f√≥rmula,2024-03-16,44
Faye Meana,No Hay Que Llorar,No Hay Que Llorar,2024-06-07,2
Mit√∫,Astra,Ilumina,2023-04-26,10
Gustavo Voz Perdida,"Latino Caliente 2024 - 24 Reggaeton, Latin Pop and Latin House Smash Hits",MILFA,2024-09-13,24
Myke Towers,Hits 2024 Today's Hot Hits,ADIVINO,2024-08-27,40
Alan Gomez,Latino Hits 2024,Micro TDH | Mission 14,2024-03-16,44
Bobui,Ikaro,Ikaro,2024-08-23,1
Dogos,Una Vez,Una Vez,2023-04-24,1
Feid,Hits del 2023,CLASSY 101,2023-12-22,25
Calma Carmona,MQP,MQP,2023-08-25,1
Kim Loaiza,Latino Hits 2024,Mal hombre,2024-03-16,44
Dragon,Latina,Latina,2024-04-06,1
Sr. Langosta,Codex Oblongata,Eximia Inquinata,2024-10-04,7
Feid,Mix: Lo Mejor de la M√∫sica Latina 2023,ROM√ÅNTICOS DE LUNES,2023-10-20,30
MiriK,Latina,Latina,2024-09-25,1
Black Guayaba,Sue√±o Contigo,Sue√±o Contigo,2024-03-13,1
Myke Towers,music 2024,ADIVINO,2024-05-15,50
Beret,Latino Hits 2024,Si no fuera por ti,2024-03-16,44
Mima,Mima,Mon√≠n,2005-06-05,10
Feid,Hits 2023: Reggaet√≥n,BUBALU,2023-11-10,25
Monttenegro,Happiness,Happiness,2024-04-25,1
Tiago PZK,Latino Hits 2024,ASQUEROSO,2024-03-16,44
Cabra,MART√çNEZ,Tiro Pa' Lante,2023-05-26,8
Puya,POTENCIAL,Yayoya,2024-05-24,8
Feid,Today's Top Latin Hits,BUBALU,2023-10-10,25
B-Side Players,Por El Barrio,Por El Barrio,2024-07-12,1
Adri Torron,Verano Ros√©,Verano Ros√©,2023-06-30,5
Migrant Motel,QUEROSENO,QUEROSENO,2024-07-26,1
JHAYCO,Mix: Lo Mejor de la M√∫sica Latina 2023,Holanda,2023-10-20,30
Danny Ocean,Top Latino Hits,AMOR,2024-07-02,30
KAROL G,Today's Top Latin Hits,PROVENZA,2023-10-10,25
Bad Bondy,hoop latino,hoop latino,2024-07-11,1
Myke Towers,TOP HITS 2024,Experimento,2024-03-22,45
Sebastian Yatra,Top Latin Hits 2023,Energ√≠a Bacana,2023-12-16,20
Barrio Lindo,Zorse,Zorse,2024-08-16,1
Kali Uchis,Top Reggaeton Y Perreo,No Hay Ley Parte 2,2024-07-19,33
Beach Clinic,Flowers,Flowers,2024-09-18,1
J Balvin,Today's Top Latin Hits,Dientes,2023-10-10,25
Mit√∫,Yodo,Yodo,2023-03-15,1
Feid,Hits 2023: Reggaet√≥n,CLASSY 101,2023-11-10,25
Feid,Mix: Lo Mejor de la M√∫sica Latina 2023,CHORRITO PA LAS ANIMAS,2023-10-20,30
NIKOLA,L√†tigo,L√†tigo,2023-08-18,1
Adri Torron,Ser√°,Ser√°,2023-03-31,4
Duck Fizz,Coraz√≥n,Coraz√≥n,2024-06-07,2
Feid,Top Latin Hits 2023,Ni√±a Bonita,2023-12-16,20
Justin Quiles,Pop Latino 2024,La esquina del Mall,2024-07-12,50
Von Galo,Till Dawn,Till Dawn,2024-06-14,1
Feid,Mix: Lo Mejor de la M√∫sica Latina 2023,CLASSY 101,2023-10-20,30
KURAY√Å,Luna,Luna,2024-10-01,1
Mima,El Pozo,La Parus√≠a,2011-10-05,11
Ela Taubert,Top Latin Hits 2023,¬øY Si Eras T√∫?,2023-12-16,20
Von Galo,Soul Searching,Soul Searching,2024-02-23,1
NIKOLA,Dese√°ndote,Dese√°ndote,2023-02-17,1
Jarina De Marco,Caribbean All-Inclusive Luxury,Fuego Lento,2023-09-05,9
Vaya Futuro,Inefable,Inefable,2024-08-07,1
Will Kano,Latina,Latina,2024-01-26,1
Dinner Time,Cu√≠date,Cu√≠date,2023-10-27,1
Sebastian Yatra,Top Latin Hits 2023,VAGABUNDO,2023-12-16,20
Mexican Institute Of Sound,Algo-Ritmo : Mexican Institute of Sound Hits 2004-2024,Cumbia,2024-02-09,24
Lorelle Meets The Obsolete,Datura,Datura,2023-06-16,8
Cardi B,LATINO MIX 2023,I Like It,2023-08-09,28
JHAYCO,Today's Top Latin Hits,Holanda,2023-10-10,25
La Perversa,Reggaeton 2024 - Los Hits Del Regueton,EA,2023-12-04,13
Marc Segu√≠,TOP DE VERANO 2024,Tiroteo - Remix,2024-01-19,51
Milos,TOT,TOT,2022-06-24,1
Turista,La Nueva Esquina,La √öltima,2023-05-30,8
MaryOla,P√∫rpura,P√∫rpura,2024-04-18,1
KAROL G,Today's Top Latin Hits,TQG,2023-10-10,25
Ela Taubert,Today's Top Latin Hits,¬øY Si Eras T√∫?,2023-10-10,25
Katrina,No Siento (nada),No Siento (nada),2024-08-23,6
La Mejor M√∫sica Electr√≥nica,Latino Moderno 2024,Caribbean Feeling,2024-09-19,9
JHAYCO,Top Latin Hits 2023,Ex-Special,2023-12-16,20
Calibre 50,TOP 2023 MEXICAN SONGS,A La Antig√ºita,2023-06-22,30
MO√úGLI,√Årboles,√Årboles,2024-03-08,1
Twin Seas,TO GO,Revival,2023-09-15,14
Kali Uchis,Mix: Las M√°s Sonadas del 2023,fue mejor,2023-10-13,30
RATAS,Todo Pierde Su Color,Todo Pierde Su Color,2023-11-30,2
Tayko,Ecolocalizaci√≥n,All In,2023-09-08,15
Jarina De Marco,Caribbean All-Inclusive Luxury,Pool Bar,2023-09-05,9
Tan Cologne,Baja,Baja,2024-02-23,1
KAROL G,Hits Latinos - Melhores,PROVENZA,2023-11-17,12
Danny Ocean,LATIN MUSIC 2024,Me reh√∫so,2024-09-12,50
Adriel Favela,TOP 2023 MEXICAN SONGS,Buscando El Olvido,2023-06-22,30
J Balvin,Today's Top Latin Hits,Rojo,2023-10-10,25
Giorgio Siladi,HACK,HACK,2024-03-01,1
Renee Goust,PLAYA,PLAYA,2024-08-09,1
El Otro Polo,33,33,2024-04-05,1
Bad Gyal,Mix: Lo Mejor de la M√∫sica Latina 2023,Chulo pt.2,2023-10-20,30
un√Ånima,Le falta el aire,Le falta el aire,2024-08-30,1
Regal86,La Onda,Skit,2023-02-05,12
RATAS,Navajas EP,Navajas,2023-03-10,2
Kaida,Musica Latina,Musica Latina,2024-03-20,2
Words Four Two,El Sol (2023),El Sol (2023) - Radio,2023-11-02,1
Nolune,High,High,2024-04-01,1
Omaraga the G,Mi Tierra Latina,Bejuma,2024-09-22,60
KAROL G,Best Of 2023: Breakout Artists,TQG,2023-11-29,20
J Balvin,Fiestas 2023,COMO UN BEB√â,2023-11-24,25
L√∫ Polanco,Bajo La Lluvia,Bajo La Lluvia,2024-04-28,1
J Balvin,√âxitos Per√∫ 2023,LA CANCI√ìN,2023-12-16,30
Feid,Today's Top Latin Hits,EXCXSXS,2023-10-10,25
Mementut,Horroria,Horroria,2024-02-11,1
Becky G,Exitos M√∫sica de Verano,MAMIII,2023-07-14,40
Para√≠sos,Respiro,Respiro,2023-03-03,1
SCAIRAT,Despedazando,Despedazando,2024-06-08,1
Omaraga the G,Mi Tierra Latina,Avarua,2024-09-22,60
Sebastian Yatra,Solo Pop Latino,VAGABUNDO,2024-01-08,25
J Balvin,Top Latin Hits 2023,Dientes,2023-12-16,20
Nancy Sanchez,You Are,You Are,2024-07-15,1
francia,Latina,Latina,2024-03-12,1
Omaraga the G,Mi Tierra Latina,Ba,2024-09-22,60
The Mar√≠as,New Music 2024,Echo,2024-06-29,60
Sof√≠a Reyes,Top Latino Hits,El 100,2024-07-02,30
Latin Electronic Dance Music,Spanish Electronic Dance Music (Copyright Free),Mexican Electronic Dance,2024-04-05,20
The Lsdays,Clouds,Clouds,2024-10-04,1
Omaraga the G,Mi Tierra Latina,Barinas,2024-09-22,60
Quevedo,LATIN MUSIC 2024,Playa del ingl√©s,2024-09-12,50
Feid,Hits de ahora,CLASSY 101,2023-10-13,25
Omaraga the G,Mi Tierra Latina,Banjul,2024-09-22,60
Gaston Lopez,Latin Gathering,Latin Gathering,2024-05-03,1
Danny Ocean,Top Hits Latinos 2023,Dembow,2023-12-16,50
Tropiezo,"Existe un mundo mejor, pero es muy caro","Existe un mundo mejor, pero es muy caro",2023-08-19,12
Anitta,Top Latin Hits 2023,Funk Rave,2023-12-16,20
Mexican Institute Of Sound,Algo-Ritmo : Mexican Institute of Sound Hits 2004-2024,Se Baila As√≠,2024-02-09,24
Nhii,El Piano,El Piano - Nhii's Latin Jazz Dub,2024-08-09,3
La Mejor M√∫sica Electr√≥nica,Latino Moderno 2024,SAKURA,2024-09-19,9
Myke Towers,Top Songs 2024,ADIVINO,2024-05-18,50
Elena Rose,Top Hits Latinos 2023,CARACAS EN EL 2000,2023-12-16,50
J Balvin,The Best Pop Music Videos,LA CANCI√ìN,2024-05-10,29
JHAYCO,Top Latin Hits 2023,Holanda,2023-12-16,20
sailawway,Deseo,Deseo,2024-03-22,1
Omaraga the G,Mi Tierra Latina,Bandar,2024-09-22,60
Kenya Grace,HITAZOS DEL 2024,Only in My Mind,2024-08-03,36
Brray,Top Latin Hits 2023,Coraz√≥n Roto pt. 3,2023-12-16,20
Ela Taubert,Top Latin Viral Hits 2023,¬øY Si Eras T√∫?,2023-12-16,20
Mexican Restaurant,Salsa Nation,Nostalgia,2024-05-10,11
Llane,Latino Fest,Obvio,2024-09-20,30
DJ Sukha,Latin Music 2024,Sue√±o Europeo,2024-08-29,5
L√∫ Polanco,MOVELO,MOVELO,2024-05-31,1
Feid,Top Canciones LATAM,Normal,2023-09-01,30
Cheo,"Refresco, Vol.1: Cheo Goes Latin",Mango Cool,2024-06-14,4
Myke Towers,Pop Latino 2024,ADIVINO,2024-07-12,50
Danny Ocean,Summer 2024 - Top 100 Songs,AMOR,2024-06-07,100
Piso 21,Pop Latino y Energ√≠a Pop - 2023,Pa' olvidarme de ella,2024-05-21,39
Marc Segu√≠,LATIN MUSIC 2024,360,2024-09-12,50
Juanes,Today's Top Latin Hits,Es Por Ti,2023-10-10,25
un√Ånima,Hunde,Hunde,2023-07-28,5
Feid,The Highlights: Reggaet√≥n,LUNA,2024-04-22,25
Zion & Lennox,Top Hits Latinos 2023,Otra vez,2023-12-16,50
Omaraga the G,Mi Tierra Latina,Barbuda,2024-09-22,60
Danny Ocean,Latino Fest,Dime t√∫,2024-09-20,30
La Mejor M√∫sica Electr√≥nica,Latino Moderno 2024,Tropical Island Night,2024-09-19,9
Maluma,Summer Hits 2023,Junio,2023-04-14,60
Abraham Dorta,Siente,Siente,2024-03-18,11
Myke Towers,Top Latino Hits,ADIVINO,2024-07-02,30
Jonna Torres,POP LATINO 2024,DO NOT DISTURB,2024-05-14,14
Dua Lipa,√âxitos Verano 2024,Illusion,2024-08-14,24
Caf√© Tacvba,Puro rock en espa√±ol,Chilanga banda,2024-03-02,38
Espuel√©rico,Una Playa En Aguadilla,Una Playa En Aguadilla,2023-08-25,1
Zabuza,Latin Pop Volume 1.,Viva La Noche,2024-07-30,27
Para√≠sos,Respiro,Respiro,2023-03-03,1
Lao Ra,El Chico,El Chico,2024-01-25,1
J Balvin,Top Latin Hits 2023,Dientes,2023-12-16,20
Christian Nodal,"Lo M√°s Hot ""Hits 2023""",De Los Besos Que Te Di,2023-10-16,25
Zabuza,Latin Pop Volume 1.,No Hay Manera,2024-07-30,27
francia,Latina,Latina,2024-03-12,1
Mit√∫,DANZAAA,YUCA,2024-03-20,11
Sof√≠a Reyes,Top Latino Hits,El 100,2024-07-02,30
Latin Electronic Dance Music,Spanish Electronic Dance Music (Copyright Free),Mexican Electronic Dance,2024-04-05,20
Katrina,Rosa,Rosa,2024-06-07,1
Kali Uchis,R&B Hits 2023,After The Storm,2023-05-30,20
Mit√∫,DANZAAA,VAGO,2024-03-20,11
Quevedo,LATIN MUSIC 2024,Playa del ingl√©s,2024-09-12,50
MPeach,Cosas Buenas,Cosas Buenas,2024-05-17,1
Margaux Bret,Latinas Gems,Alternative Heartland,2024-04-21,2
Tokischa,Pop Latino 2024,SOL,2024-07-12,50
Onda Moderna,Bai Mudan,Bai Mudan,2023-12-15,1
Jarina De Marco,Caribbean All-Inclusive Luxury,Pelo,2023-09-05,9
Danny Ocean,Top Hits Latinos 2023,Dembow,2023-12-16,50
Milos,Agridulce,El Calent√≥n,2023-03-31,13
Anitta,Top Latin Hits 2023,Funk Rave,2023-12-16,20
La Mejor M√∫sica Electr√≥nica,Latino Moderno 2024,SAKURA,2024-09-19,9
Myke Towers,Top Songs 2024,ADIVINO,2024-05-18,50
Elena Rose,Top Hits Latinos 2023,CARACAS EN EL 2000,2023-12-16,50
Cabra,Tiro Pa‚Äô Lante,Tiro Pa‚Äô Lante,2023-05-16,1
Rema,Mix: Lo Mejor de la M√∫sica Latina 2023,Calm Down,2023-10-20,30
S√°gan,Sal,Sal,2023-08-11,1
J Balvin,The Best Pop Music Videos,LA CANCI√ìN,2024-05-10,29
Marc Segu√≠,Hits nuevos y viejos,Tiroteo - Remix,2024-08-17,29
JHAYCO,Top Latin Hits 2023,Holanda,2023-12-16,20
Tropiezo,3 Acordes en 45 Segundos: La Historia de Tropiezo (1997-2017),Tropiezo,2017-09-11,32
Campo-Formio,El lloroso de Cupey,El lloroso de Cupey,2023-02-14,1
Sueco,2023 Rock,POS,2024-06-01,38
Bhietxa,ROMA,ROMA,2024-04-12,1
Llane,Latino Fest,Obvio,2024-09-20,30
Words Four Two,Shadows,Shadows,2024-04-09,1
Feid,Top Canciones LATAM,Normal,2023-09-01,30
Illegal Nobility,Plot,Latina Fame,2024-09-02,4
Mint Field,Una flor sin interior,Ve hacia la ventana,2024-06-26,2
Myke Towers,Pop Latino 2024,ADIVINO,2024-07-12,50
Seba Otero,Mejor Que Antes,Salitre,2022-07-28,2
Danny Ocean,Summer 2024 - Top 100 Songs,AMOR,2024-06-07,100
KAROL G,Latin Music Hits,TQG,2023-05-31,34
Piso 21,Pop Latino y Energ√≠a Pop - 2023,Pa' olvidarme de ella,2024-05-21,39
Marc Segu√≠,LATIN MUSIC 2024,360,2024-09-12,50
Vic Contreras,Arriba En El Cielo,Arriba En El Cielo,2024-08-02,1
Feid,The Highlights: Reggaet√≥n,LUNA,2024-04-22,25
Zion & Lennox,Top Hits Latinos 2023,Otra vez,2023-12-16,50
Renn,Top Latino Hits,Maquillaje - Remix,2024-07-02,30
Danny Ocean,Per√∫ Hits 2023 Vol. 2,Me reh√∫so,2023-11-09,32
Tainy,HOLA 2024,MERA,2023-12-22,28
Milos,Serendipia,La Expectativa,2024-09-13,6
Feid,Latin Music Hits,PORFA,2023-05-31,34
Abraham Dorta,Siente,Siente,2024-03-18,11
Myke Towers,Top Latino Hits,ADIVINO,2024-07-02,30
Jonna Torres,POP LATINO 2024,DO NOT DISTURB,2024-05-14,14
Piso 21,Pop Latino 2024,La misi√≥n,2024-07-12,50
Nacho,Latin Summer 2024,B√°ilame,2024-04-29,30
Marc Segu√≠,Today's Latin Songs,Tiroteo - Remix,2023-10-26,36
Myke Towers,2024 Pop Songs,ADIVINO,2024-05-25,50
Danny Ocean,TOP LATINO HITS,M√≥naco,2023-11-03,40
Myke Towers,Top Pop New Music 2024,ADIVINO,2024-06-07,55
Danny Ocean,Latina - Latin Hits 2023,Me reh√∫so,2023-08-09,28
TROPA,O CALLA PARA SIEMPRE,GENUINO,2023-03-24,12
Caf√© Tacvba,Pop Latino Para Todos,Zopilotes,2024-10-11,34
Myke Towers,Top Tracks Pop,ADIVINO,2024-05-25,55
Sof√≠a Reyes,LATIN MUSIC 2024,Girls,2024-09-12,50
Yandel,LATIN MUSIC 2024,Borracho y loco,2024-09-12,50
Bad Gyal,Top Latin Hits 2023,Chulo pt.2,2023-12-16,20
Becky G,Today's Latin Songs,Mal de amores,2023-10-26,36
Mit√∫,DANZAAA,BROLO,2024-03-20,11
Joey Montana,Latin Music Hits,Picky,2023-05-31,34
LIT killah,Top Hits Latinos 2023,LuXxX,2023-12-16,50
Feid,Verano Heat Songs,LUNA,2024-06-03,34
Marc Segu√≠,Gustos variados,Tiroteo - Remix,2024-06-29,49
Nacho,Latin Music Hits,B√°ilame,2023-05-31,34
Feid,Top Latin Viral Hits 2023,BUBALU,2023-12-16,20
Feid,Top Latin Viral Hits 2023,EXCXSXS,2023-12-16,20
Feid,Estate 2023 Hits Italia,Ni√±a Bonita,2023-08-15,44
LAGOS,Top Latino Hits,Dime qui√©n,2024-07-02,30
Signature Tracks,Latina Upbeat,Nostalgico,2024-09-06,37
La Mejor M√∫sica Electr√≥nica,Noches De Club Latino 2024,KATANA,2024-10-06,10
Blessd,LATIN MUSIC 2024,Mirame,2024-09-12,50
Omaraga the G,Naciones Latinas,Alcala,2024-09-22,60
Hexagrams,Afantasma Mis Deseos de Venganza,Fantasma,2023-12-15,9
RATAS,demos (2022),La Reina De La Noche,2023-02-24,7
Mala Cotton,G√©nero Fresco,Arcade,2024-10-04,10
Daddy Yankee,Hip Hop Hits 2023,Vuelve,2023-02-08,31
Young Miko,Best Rap 2023,Riri,2023-10-05,30
Yng Lvcas,LATIN MUSIC 2024,Wazap,2024-09-12,50
Ovy On The Drums,LATIN MUSIC 2024,EL HECHIZO,2024-09-12,50
Chika Di,Ven,Ven,2023-02-11,1
Siete Catorce,2017,GT,2024-06-14,8
Words Four Two,El Sol (2023) [Remix],El Sol (2023) - Remix,2023-11-21,1
Justin Quiles,LATIN PARTY HITS,PAM,2024-06-27,28
Lucas,Latina,Latina,2024-06-20,1
Gye Poppin,Bad! Bunny! WHERE SHEe GOES!,Bad! Bunny! WHERE SHEe GOES!,2023-05-23,1
Aliss,voces,Tiempo,2023-01-06,9
Cloud Eleven,Cloud Eleven Goes Latin,Yin Yang,2024-09-03,12
Daddy Yankee,Hip Hop Hits 2023,Vuelve,2023-02-08,31
Yng Lvcas,LATIN MUSIC 2024,Wazap,2024-09-12,50
Danny Ocean,Mix musica estate 2023,Me reh√∫so,2024-05-16,32
Frontera Bugal√∫,Hermano Mayor,Hermano Mayor,2024-05-22,1
La Mejor M√∫sica Electr√≥nica,Latino Moderno 2024,TOXICA,2024-09-19,9
Words Four Two,El Sol (2023) [Remix],El Sol (2023) - Remix,2023-11-21,1
Justin Quiles,LATIN PARTY HITS,PAM,2024-06-27,28
Lucas,Latina,Latina,2024-06-20,1
Danny Ocean,Super Hits 2023,Me reh√∫so,2024-02-03,58
Polaris,CŒ±mŒ≤ŒπŒ∏s-Œ∑Œ±TŒºrŒ±LƒôS,CŒ±mŒ≤ŒπŒ∏s-Œ∑Œ±TŒºrŒ±LƒôS,2024-05-22,1
Omaraga the G,Naciones Latinas,Aragua,2024-09-22,60
KAROL G,Top Latin Songs 2022,PROVENZA,2022-10-04,30
Gran Radio Riviera,0-800 HOY,Hasta aqu√≠,2023-03-10,15
Myke Towers,LATIN MUSIC 2024,Experimento,2024-09-12,50
Elisa Tokeshi,Beibi,Beibi,2023-02-16,1
Danny Ocean,LATIN PARTY HITS,Me reh√∫so,2024-06-27,28
MO√úGLI,Aqu√≠ y Ahora,Aqu√≠ y Ahora,2024-04-12,1
Signature Tracks,Latina Upbeat,The City Is Alive,2024-09-06,37
Juanes,Despidiendo El Verano con Pop Latino,Mala Gente - Remastered 2022,2024-07-26,34
KAROL G,Top Hits 2024,PROVENZA,2024-09-01,70
Tainy,Se puso la previa,MALVADA,2023-10-20,26
KAROL G,Reinas Latinas,TQG,2024-04-02,49
Brray,Top Latin Hits 2023,Coraz√≥n Roto - Remix,2023-12-16,20
KAROL G,New Global Pop Hits 2023 | Hot Hits International,TQG,2023-05-30,23
Justin Quiles,TOP LATINO HITS,Fuego forestal,2023-11-03,40
Natalia Lafourcade,Nostalgia Pop: Lo Mejor del Ayer en Espa√±ol,Hasta la Ra√≠z,2024-07-26,30
DJ Sukha,Latin Music 2024,En la playa bajo el sol,2024-08-29,5
Lotus Collective,Latina,Latina,2023-05-18,1
Feid,Latina Para Conduciir,Querida,2024-01-05,28
Marc Segu√≠,Pop Latino y Energ√≠a Pop - 2023,Tiroteo - Remix,2024-05-21,39
Lenny Tav√°rez,Top Latino Hits,EMPELOTICA,2024-07-02,30
Feid,Hits 2023: Reggaet√≥n,Mxfix G5,2023-11-10,25
Ovy On The Drums,Latino Top Tracks,BELLAQUERIA,2024-08-23,35
Feid,Top Latin Viral Hits 2023,CHORRITO PA LAS ANIMAS,2023-12-16,20
Blessd,Top Latino Hits,Mirame,2024-07-02,30
Siete Catorce,2018 pt. 1,NLWB,2024-06-21,10
Feid,Pop Charts 2023 by Digster Pop,Ni√±a Bonita,2023-09-12,35
Marc Segu√≠,¬°MATES Y M√öSICA!,Tiroteo - Remix,2024-09-07,49
Selma Oxor,Bullet,Bullet,2024-08-05,1
Zion & Lennox,LATIN MUSIC 2024,Berlin,2024-09-12,50
Piso 21,Top Latino Hits,La misi√≥n,2024-07-02,30
un√Ånima,Calma en la playa,Calma en la playa,2023-09-29,1
Miky la Sensa,2023,2023,2023-03-30,1
KAROL G,Top Canciones LATAM,TQG,2023-09-01,30
Katrina,Ghosts,Ghosts,2024-02-09,1
Danny Ocean,Hot Reggaeton 2023,Me reh√∫so,2023-05-12,16
Omaraga the G,Naciones Latinas,Aaiun,2024-09-22,60
Siete Catorce,2017,BF,2024-06-14,8
Quevedo,TOP LATINO HITS,Playa del ingl√©s,2023-11-03,40
Shoeg,Cross Section,Amalgama,2024-10-09,5
Omaraga the G,Naciones Latinas,Araure,2024-09-22,60
Man√°,TOP CANCIONES 2024,En el muelle de San Blas,2024-03-02,40
Feid,The Sound Of Summer 2024,LUNA,2024-09-06,54
Blessd,Top 100 Songs of 2024,Mirame,2024-07-27,100
Feid,Latino Viral Hits,CLASSY 101,2023-05-04,20
Omar Romero,Metro,Metro,2023-03-17,1
Yng Lvcas,LATIN MUSIC 2024,La Bebe - Remix,2024-09-12,50
Red Tiger,Die Another Day,Die Another Day,2024-10-12,12
Justin Quiles,Top Latino Hits,Su gato,2024-07-02,30
La Mejor M√∫sica Electr√≥nica,Latino Moderno 2024,Mexico City,2024-09-19,9
Omaraga the G,Naciones Latinas,Alberca,2024-09-22,60
Belinda,Top Latino Hits,Cactus,2024-07-02,30
Mon Laferte,Latin Hip Hop Hits,Plata Ta T√°,2023-06-26,30
KAROL G,Pop Hits 2024 by Digster Pop,ME TENGO QUE IR,2024-09-01,61
Danny Ocean,Top Latino Hits,Si no no,2024-07-02,30
D3ndron,Antimateria,Escorpi√≥n,2024-01-26,11
J Balvin,Latin Summer 2024,Ay Vamos,2024-04-29,30
Monitor Collective,Ra√≠z,Ra√≠z,2023-07-12,1
Fusion Latina,P√≥cima,P√≥cima,2022-05-02,1
KAROL G,Girly Pop Songs by Digster Pop,QLONA,2024-09-06,33
J Balvin,Hits 2023: Reggaet√≥n,Nivel De Perreo,2023-11-10,25
Lasso,Top Latin Hits 2023,Ojos Marrones - Remix,2023-12-16,20
Ovy On The Drums,LATIN MUSIC 2024,GHETTO PRINCESS,2024-09-12,50
Siete Catorce,2017,SO,2024-06-14,8
Feid,Temazos Latinos,X19X,2023-12-16,30
Jesse Baez,Los Latinos Tambi√©n Hacemos Pop,Mama Lola,2024-08-16,32
KAROL G,Top Hits 2024,TQG,2024-09-01,70
Fusion Latina,PERDI,PERDI,2024-02-03,1
Jhay Cortez,TOP LATINO HITS,Ande con quien ande,2023-11-03,40
Feid,Oyendo Hitazos,FRIKI,2023-08-25,28
Ela Taubert,Top Latin Viral Hits 2023,Yo Primero,2023-12-16,20
iZaak,Latin Party 2024,Juqueando,2023-12-23,42
Easy Easy,Ok Okk,Ok Okk,2023-02-17,4
Feid,Top Hits Latinos 2023,A veces,2023-12-16,50
Elena Rose,Pop Latino 2024,Trago al pecho,2024-07-12,50
Marc Segu√≠,Hits Verano Mix 2024,Tiroteo - Remix,2024-08-14,28
Katrina,Call Me a Saint,Call Me a Saint,2024-04-19,1
Maria Becerra,LATIN MUSIC 2024,CORAZ√ìN VAC√çO,2024-09-12,50
LAGOS,Pop Latino 2024,Sobrepens√°ndote,2024-07-12,50
Tainy,Latino Hits 2022,Adicto,2022-09-01,48
Marx Ha√ºbey,Muchachita,Muchachita,2024-09-05,1
zzoilo,Top Latin Songs 2022,Mon Amour - Remix,2022-10-04,30
Tiago PZK,TOP LATINO HITS,Traductor,2023-11-03,40
Blessd,Top Latino Hits,DIFERENTE,2024-07-02,30
Feid,Hits 2023: Reggaet√≥n,Ni√±a Bonita,2023-11-10,25
Jerry Di,Latin Summer 2024,Mi Cuarto,2024-04-29,30
KAROL G,Descubriendo Reggaeton Y Perreo Moderno,TQG,2024-07-02,32
Sof√≠a Reyes,Latin Reggaeton Pop,Luna,2024-06-12,48
Micro TDH,Mega Hits Latinos,NEGRO MATE,2024-01-30,30
