,0
0,Royel Otis
1,Imagine Dragons
2,Jon Pardi
3,Cole Swindell
4,OneRepublic
5,The 1975
6,Dylan Scott
7,Walker Hayes
8,House Of Pain
9,Dustin Lynch
10,Mother Mother
11,Tauren Wells
12,Thomas Rhett
13,Midrift
14,for KING & COUNTRY
15,Depeche Mode
16,Brantley Gilbert
17,Big Thief
18,Ghost
19,SunKissed Lola
20,Josiah and the Bonnevilles
21,We Came As Romans
22,Stick Figure
23,quannnic
24,TobyMac
25,The Black Keys
26,Wet Leg
27,Mitchell Tenpenny
28,Chris Tomlin
29,Vance Joy
30,Papa Roach
31,DENM
32,Three Days Grace
33,Elton John
34,Rachael Lampa
35,Eli Young Band
36,Nickelback
37,Florence + The Machine
38,Polyphia
39,Jason Aldean
40,Hozier
41,The Lumineers
42,Russell Dickerson
43,Maretu
44,Dylan Schneider
45,Bette Midler
46,Whiskey Myers
47,King Clave
48,Sam Hunt
49,Slipknot
50,Gorillaz
51,STARSET
52,Surfer Girl
53,RADWIMPS
54,The Hip Abduction
55,The Movement
56,Måneskin
57,Ben Rector
58,Bring Me The Horizon
59,Chris Lane
60,Maná
61,Milky Chance
62,I AM THEY
63,Micah Tyler
64,Sanctus Real
65,Dominic Fike
66,Fontaines D.C.
67,The Score
68,Rend Collective
69,Alvvays
70,Tame Impala
71,"Black Country, New Road"
72,Eve
73,Journey
74,Dan Bremnes
75,Brandon Heath
76,Elle King
77,Red Hot Chili Peppers
78,My Chemical Romance
79,Florida Georgia Line
80,Rammstein
81,Goth Babe
82,Friday Pilots Club
83,Tropidelic
84,MercyMe
85,Yeah Yeah Yeahs
86,Luke Bryan
87,Dirty Heads
88,Generación 12
89,Level 42
90,Metallica
91,Dayglow
92,OFFICIAL HIGE DANDISM
93,Arctic Monkeys
94,BUMP OF CHICKEN
95,Palaye Royale
96,Good Morning
97,Muse
98,Natalia Lafourcade
99,Coheed and Cambria
100,DECO*27
101,Alex G
102,Kairikibear
103,Little Stranger
104,Father John Misty
105,Jerry Lee Lewis
106,Jimmie Allen
107,Quarters of Change
108,Luna Li
109,Highly Suspect
110,Ryan Stevenson
111,Elvis Presley
112,Petey
113,Phil Wickham
114,Portugal. The Man
115,Joey Valence & Brae
116,The Bones of J.R. Jones
117,Drake White
118,Palace
119,Colorblind
120,Young the Giant
121,Casting Crowns
122,Arcy Drive
123,Pacific Roots
124,Richy Mitch & The Coal Miners
125,Glass Animals
126,The Killers
127,Newsboys
128,Matt Maher
129,Bad Suns
130,Andy Frasco & The U.N.
131,Korn
132,Dorothy
133,Brothers Osborne
134,Zac Brown Band
135,The Unlikely Candidates
136,alt-J
137,Shane & Shane
138,Hippo Campus
139,Insane Clown Posse
140,lovelytheband
141,The Beths
142,TOOL
143,Siddhartha
144,Momma
145,KANA-BOON
146,HoneyWorks
147,Guns N' Roses
148,Jesse Roper
149,ivri
150,TK from Ling tosite sigure
151,Natalie Grant
152,Stars Go Dim
153,Marcus King
154,Bryce Fox
155,Megadeth
156,Stephen Bishop
157,The Fixx
158,Sophie Powers
159,Barns Courtney
160,Tedeschi Trucks Band
161,Lee Brice
162,Beach House
163,The Poles
164,Pixies
165,Hollywood Undead
166,Ozzy Osbourne
167,The Blue Stones
168,Sufjan Stevens
169,All Time Low
170,YUNGBLUD
171,Death Cab for Cutie
172,Two Feet
173,Drugdealer
174,Soccer Mommy
175,Spoon
176,Brent Cobb
177,Skillet
178,Goodbye June
179,Mihali
180,Bonnie Raitt
181,The Happy Fits
182,Rebecca St. James
183,Rojo
184,HEALTH
185,Kip Moore
186,Sigur Rós
187,Jesús Adrián Romero
188,Spacey Jane
189,The Struts
190,Spiderbait
191,Meredith Andrews
192,Anıl Emre Daldal
193,Bomba Estéreo
194,coldrain
195,Lake Street Dive
196,Sharon Van Etten
197,The Ghost Club
198,✝✝✝ (Crosses)
199,black midi
200,Austin French
201,The Del-Vikings
202,MASS OF THE FERMENTING DREGS
203,Old Dominion
204,The Beaches
205,Pierce The Veil
206,The Rolling Stones
207,Lauren Daigle
208,Colton Dixon
209,Bee Gees
210,Linkin Park
211,Jack Black
212,Parmalee
213,The National
214,Paramore
215,Fall Out Boy
216,The Beatles
217,Unknown Mortal Orchestra
218,Big Daddy Weave
219,blink-182
220,Empire Of The Sun
221,Slightly Stoopid
222,X Ambassadors
223,MAN WITH A MISSION
224,The Elovaters
225,100 gecs
226,Daisy Jones & The Six
227,Daughtry
228,Crowder
229,Rawayana
230,From Ashes to New
231,Phillip Phillips
232,Jordan Feliz
233,Autograph
234,The Who
235,Foghat
236,Tenacious D
237,Skindred
238,Thirty Seconds To Mars
239,So!YoON!
240,Self Deception
241,Hitsujibungaku
242,NEEDTOBREATHE
243,Disturbed
244,Walk off the Earth
245,Chris Janson
246,QUEEN BEE
247,Daft Punk
248,The Expendables
249,In Flames
250,Phoenix
251,BABYMETAL
252,Wham!
253,Aimer
254,Ray Bull
255,Drive-By Truckers
256,Twin Tribes
257,Greta Van Fleet
258,The Strokes
259,Finger Eleven
260,Morgan Evans
261,We Are Messengers
262,The Green
263,Bleachers
264,Mac DeMarco
265,Dogpark
266,The Revivalists
267,Foo Fighters
268,grandson
269,Slowdive
270,Nothing But Thieves
271,Mustard Service
272,HARRY WAS HERE
273,Charlie Worsham
274,Steve Miller Band
275,ONE OK ROCK
276,Sum 41
277,American Authors
278,feeble little horse
279,花冷え。
280,Matthew West
281,Survive Said The Prophet
282,Jason Isbell and the 400 Unit
283,Queens of the Stone Age
284,LiSA
285,K.Flay
286,Manchester Orchestra
287,Moon Taxi
288,Rebounder
289,ネクライトーキー
290,Chase Rice
291,The Cardigans
292,Ray Smith
293,Switchfoot
294,Iration
295,Feist
296,The Afters
297,Jimmy Buffett
298,Fog Lake
299,Palehound
300,Common Kings
301,Green Day
302,Betcha
303,Bastille
304,P.O.D.
305,Alific
306,Capital Kings
307,The Blasters
308,Train
309,Circa Waves
310,Living Colour
311,Matchbox Twenty
312,Local Natives
313,PinocchioP
314,Corey Taylor
315,Cold War Kids
316,SadGirl
317,Flyte
318,HIMALAYAS
