,0
0,Bad Bunny
1,Feid
2,Shakira
3,Ozuna
4,Rauw Alejandro
5,Becky G
6,Luis Fonsi
7,Gente De Zona
8,Chuwi
9,Mima
10,Nacho
11,Mitú
12,Isabella Lovestory
13,Danny Ocean
14,Luna Luna
15,KAROL G
16,Sofía Reyes
17,Los Inconformes
18,Bebo Dumont
19,Bad Gyal
20,Young Miko
21,2024 Hottest Songs
22,Von Galo
23,SOG
24,Piso 21
25,Mula
26,Jarina De Marco
27,Calma Carmona
28,Beéle
29,Black Guayaba
30,PIQUETE
31,Cardi B
32,ÌFÉ
33,Yandel
34,Bacilos
35,LA GENTE SF
36,Belinda
37,Yng Lvcas
38,Mint Field
39,Mario Bautista
40,Elena Rose
41,LAGOS
42,Bang Data
43,Marc Seguí
44,DannyLux
45,Zion & Lennox
46,Quevedo
47,iZaak
48,J Balvin
49,La Misa Negra
50,Lp Certified
51,Kali Uchis
52,Meridian Brothers
53,Similar
54,Bad Bondy
55,Tiago PZK
56,Tayko
57,BluNites
58,Candy Colors
59,Mayani Swave
60,Siete Catorce
61,Ozomatli
62,De La Ghetto
63,Sebastian Yatra
64,Émina
65,Nicole Zignago
66,El Hijo de Borikén
67,Okan
68,Puya
69,Dogos
70,Sávila
71,HYRA
72,¿Téo?
73,Davila 666
74,Sebimor
75,Roberto Fonseca
76,Yongolailan
77,Fofé Y Los Fetiches
78,Chango Menas
79,Zuaraz
80,Skapulario
81,Balún
82,Nutopia
83,Prettiest Eyes
84,Alegría Rampante
85,Vivanativa
86,Monttenegro
87,SAN CHA
88,Circo
89,GALE
90,Pachyman
91,Polaris
92,Milos
93,Rubytates
94,Seba Otero
95,Cabra
96,Gina Chavez
97,Ley Vara
98,NIKOLA
99,Adri Torron
100,RATAS
101,JAVVI ELIAS
102,B-Side Players
103,Polbo
104,La Dame Blanche
105,Words Four Two
106,Sofía Stainer
107,Qiensave
108,Laura Guevara
109,Red Tiger
110,La R
111,Ocho Ojos
112,Onda Moderna
113,Paraísos
114,Labajura
115,Breezewood la Connecta
116,TIMØ
117,Campo-Formio
118,Chris Jedi
119,Tainy
120,Blessd
121,Alex Sensation
122,Indigo
123,The Spam Allstars
124,La Mejor Música Electrónica
125,Boricua Boys
126,Omaraga the G
127,Un.real
128,The Flashers Brothers
129,JHAYCO
130,NY Latino Chillout Café
131,Tropiezo
132,Lú Polanco
133,MICHELLE
134,Como Las Movies
135,La Muchacha
136,Former Astronauts
137,SLVG
138,Yibáro
139,Poolpo
140,Kumbia Queers
141,Spam Allstars
142,Cabas
143,Turista
144,Moncho Berry
145,TROPA
146,Musica Latina
147,Salsaloco De Cuba
148,Sano
149,Bosques
150,Badshah
151,DJ Sukha
152,Alibi Music
153,Fusion Latina
154,Daddy Yankee
155,RAVEN DAVE
156,Aliss
157,"Tito ""El Bambino"""
158,Anti-Sociales
159,Juventud Crasa
160,Bairoa
161,Musica Romantica de Fondo
162,UNRB
163,Signature Tracks
164,Anitta
165,Lalo Ebratt
166,Frontera Bugalú
167,Juanes
168,Myke Towers
169,Ovy On The Drums
170,Reik
171,AlterLatina
172,Musica Latina Playlist
173,Lucas
174,Rema
175,Sean Paul
176,Elaine
177,Lele Pons
178,Tavú
179,Latin Electronic Dance Music
180,Reykon
181,Monte
182,Jerry Di
183,Norwayy
184,Natalia Lugo
185,Almas Band
186,Kefas
187,Kran
188,Maná
189,Rando
190,Maria McCausland
191,Shonny
192,Jr Loppez
193,Boundary
194,Monitor Collective
195,Dunkelwald
196,Ragazzi
197,La Cantina
198,Besos
199,MOÜGLI
200,Mickey Destro
201,LoCura
202,Valentina
203,Latin Masters
204,Ñejo & Dalmata
205,The Marías
206,Un Final Fatal
207,The Romy
208,Sisah
209,Álvaro De Luna
210,Llane
211,RICO
212,Deuce Eclipse
213,Jake Williams
214,Lola Pistola
215,Kings of Salsa
216,Elegante & La Imperial
217,Marshmello
218,HUMBE
219,Alvaro Diaz
220,Ela Minus
221,Goth Babe
222,Elsa y Elmar
223,Gizmo Varillas
224,Brytiago
225,Chromeo
226,Miami Horror123
227,Calva Louise
228,Twin Seas
229,FARIANA
230,La Doña
231,Mabe Fratti
232,Lido Pimienta
233,Klik & Frik
234,Ramona
235,Ximena Sariñana
236,Latin Song Music
237,Lenny Tavárez
238,Yin Yin
239,Hermes Croatto
240,Reyna Tropical
241,Salt Cathedral
242,Technicolor Fabrics
243,Nicola Cruz
244,Maria Becerra
245,La Lá
246,ALOISIO
247,Pahua
248,Zabuza
249,La Maquinaria Norteña
250,Justin Quiles
251,MaryOla
252,Paulo Londra
253,TOLEDO
254,Angel Heredia
255,Faye Meana
256,Gustavo Voz Perdida
257,Alan Gomez
258,Bobui
259,Kim Loaiza
260,Dragon
261,Sr. Langosta
262,MiriK
263,Beret
264,Migrant Motel
265,Barrio Lindo
266,Beach Clinic
267,Duck Fizz
268,KURAYÁ
269,Ela Taubert
270,Vaya Futuro
271,Will Kano
272,Dinner Time
273,Mexican Institute Of Sound
274,Lorelle Meets The Obsolete
275,La Perversa
276,Katrina
277,Calibre 50
278,Tan Cologne
279,Adriel Favela
280,Giorgio Siladi
281,Renee Goust
282,El Otro Polo
283,unÁnima
284,Regal86
285,Kaida
286,Nolune
287,Mementut
288,SCAIRAT
289,Nancy Sanchez
290,francia
291,The Lsdays
292,Gaston Lopez
293,Nhii
294,sailawway
295,Kenya Grace
296,Brray
297,Mexican Restaurant
298,Cheo
299,Maluma
300,Abraham Dorta
301,Jonna Torres
302,Dua Lipa
303,Café Tacvba
304,Espuelérico
305,Lao Ra
306,Christian Nodal
307,MPeach
308,Margaux Bret
309,Tokischa
310,Ságan
311,Sueco
312,Bhietxa
313,Illegal Nobility
314,Vic Contreras
315,Renn
316,Joey Montana
317,LIT killah
318,Hexagrams
319,Mala Cotton
320,Chika Di
321,Gye Poppin
322,Cloud Eleven
323,Gran Radio Riviera
324,Elisa Tokeshi
325,Natalia Lafourcade
326,Lotus Collective
327,Selma Oxor
328,Miky la Sensa
329,Shoeg
330,Omar Romero
331,Mon Laferte
332,D3ndron
333,Lasso
334,Jesse Baez
335,Jhay Cortez
336,Easy Easy
337,Marx Haübey
338,zzoilo
339,Micro TDH
