,Unnamed: 0,Artista,Album,Cancion,Año Lanzamiento,Total tracks
0,0,Jean Dawson,Houston,Houston,2024-09-20,1
1,1,Caye,202Ø,202Ø,2020-11-13,1
2,2,DaBaby,GRAMMY PARTY,GRAMMY PARTY,2024-02-29,1
3,3,Gucci Mane,Greatest Of All Trappers - Gangsta Grillz Edition,GOAT,2024-08-16,12
4,4,JZAC,2023,2023,2023-01-27,1
5,5,Bazanji,2022,2022,2022-01-07,1
6,6,Shordie Shordie,Hip Hop 2024,OkOk,2024-05-18,35
7,7,Token,LIAR,LIAR,2024-08-15,3
8,8,Token,LOSER,LOSER,2024-07-11,1
9,9,Campel,Hip-Hip,Hip-Hip,2024-06-03,1
10,10,Common,Dreamin',Dreamin',2024-06-11,2
11,11,A Boogie Wit da Hoodie,Top Hip-Hop 2022,Drowning,2022-08-05,25
12,12,Blu,Love (the) Ominous World,Undisputed,2024-09-20,12
13,13,N2DEEP,"Hip Hop 100 Hits - Urban rap & R n B anthems inc. Jay Z, A$ap Rocky, Wu-Tang Clan & Nas",Back to the Hotel,2019-04-19,100
14,14,Common,Wise Up,Wise Up,2024-05-22,1
15,15,K.A.A.N.,Delusions Of Grandeur,Nightmare,2024-05-10,12
16,16,Justin Stone,EXPIRE,EXPIRE,2024-07-26,1
17,17,Logic,Figure It Out,Figure It Out,2023-06-21,1
18,18,K.A.A.N.,In Due Time,Weight,2024-08-30,14
19,19,Ka,The Thief Next to Jesus,Collection Plate,2024-09-19,14
20,20,DJ Feedo,Top Hip Hop And R&B Songs,The Moon - Mix 3,2021-12-30,5
21,21,Ka,The Thief Next to Jesus,Soul and Spirit,2024-09-19,14
22,22,Kid Cudi,Best Hip Hop 2022,Mr. Rager,2022-09-16,20
23,23,K.A.A.N.,Delusions Of Grandeur,Destiny,2024-05-10,12
24,24,K.A.A.N.,"Warm It Up, K.A.A.N.","Warm It Up, K.A.A.N.",2024-08-16,1
25,25,Guilty Simpson,Giants Of The Fall,Giants Of The Fall,2024-04-26,1
26,26,Kurious,Unknown Species,Unknown Species,2024-08-14,1
27,27,Naughty By Nature,The Naughtiest,Hip Hop Hooray,2024-10-04,10
28,28,K.A.A.N.,Rat Race,Rat Race,2024-07-05,1
29,29,SWAVAY,BABY,BABY,2024-02-14,1
30,30,Justin Stone,maybe this year,i did it again :/,2022-09-02,7
31,31,Token,LIAR,LOSER,2024-08-15,3
32,32,K.A.A.N.,Delusions Of Grandeur,Delusions Of Grandeur,2024-05-10,12
33,33,P-Lo,Moovie! 2: The Yeequel,HIP-HOP,2024-07-08,13
34,34,K.A.A.N.,In Due Time,Rat Race,2024-08-30,14
35,35,Evening Stroll,Something Warm,Something Warm,2024-02-23,1
36,36,Ty Dolla $ign,2022,2022,2023-01-07,1
37,37,NF,Hip-Hop 50: The New Vanguard,CAREFUL,2023-08-03,10
38,38,MIKE,MAY GOD BLESS YOUR HUSTLE,Years/Alone,2017-06-21,16
39,39,Kodak Black,Hip Hop 2022,Super Gremlin,2022-06-03,35
40,40,Killer Mike,Michael (Rap Album of the Year),MOTHERLESS,2024-02-04,25
41,41,NLE Choppa,Hip Hop 2022,Capo,2022-06-03,35
42,42,konb,Fingers Crossed,Fingers Crossed,2024-03-22,1
43,43,sleeping with shoes on,Drift,Drift,2024-08-16,1
44,44,DaBaby,Hip Hop Gems,BOP,2022-11-03,25
45,45,Aesop Rock,Garbology,The Only Picture,2021-11-12,14
46,46,Justin Stone,LUCK,LUCK,2024-04-12,1
47,47,Yeek,Future Reference,Last Night In Town,2023-08-25,15
48,48,NLE Choppa,Rap & Trap Hits 2022,Capo,2022-06-03,25
49,49,DaBaby,GRAMMY PARTY,GRAMMY PARTY,2024-02-29,1
50,50,Rowlan,ACTION,ACTION,2024-07-18,1
51,51,K.A.A.N.,Clarity,Clarity,2023-02-17,1
52,52,DELIRIUM,2022 MUZIK!,2022 MUZIK!,2022-02-10,1
53,53,JZAC,2024,2024,2024-01-17,1
54,54,Mac Black,This Is Hip Hop,Solitude,2023-02-07,12
55,55,K.A.A.N.,Ignorance Is Bliss,Thankful,2023-05-19,15
56,56,Dstar,Stars the Limit,Hip Hop Music (feat. J Jawzz),2017-06-06,15
57,57,Moneybagg Yo,Most Streamed Rap Songs 2023,Quickie,2023-10-17,35
58,58,JZAC,2022,2022,2022-01-21,1
59,59,Hemanifezt,THIS IS HIP HOP,THIS IS HIP HOP,2024-09-10,1
60,60,Blu,Los Angeles,Heaven (feat. C.S. Armstrong),2024-07-12,13
61,61,GRIP,STILL (Five & A F*** You) [Deluxe],Intro,2023-07-07,11
62,62,sleeping with shoes on,Reasons,Reasons,2024-07-19,1
63,63,Murs,Bigger Dreams,Bigger Dreams,2024-05-01,1
64,64,Mr. Cream,Hip Hop 2020,Hip Hop 2020,2020-08-19,1
65,65,Maadmax Vibes,Still Hip Hop,Pop,2024-08-10,7
66,66,GINGE,Playing Around,Rapscallion,2024-09-13,13
67,67,Will Smith,"Hip Hop 100 Hits - Urban rap & R n B anthems inc. Jay Z, A$ap Rocky, Wu-Tang Clan & Nas",Gettin' Jiggy Wit It,2019-04-19,100
68,68,LOCS,Bright and Early,Bright and Early,2019-08-09,1
69,69,J-Shin,Top Hip-Hop 2022,One Night Stand,2022-08-05,25
70,70,Lil Mosey,Best Hip Hop 2022,Blueberry Faygo,2022-09-16,20
71,71,Lil Mosey,Hip Hop Hits 2023,Blueberry Faygo,2023-02-08,31
72,72,toilet dreamzzz,Glitch Hop,elements of Hip Hop,2024-06-01,12
73,73,Gucci Mane,Hip-Hop Hits,Make Love,2022-07-01,24
74,74,Supreme Allah,Hip Hop Lockdown,Hip Hop Lockdown,2024-08-12,1
75,75,FRANK MULLAH,HIP HOP CELEBRATION ACAPELLA AND HIP HOP SCRATCHES,HIP HOP CELEBRATION ACAPELLA AND HIP HOP SCRATCHES,2023-10-14,1
76,76,Justin Stone,UP!,UP!,2024-04-05,1
77,77,Lil Mosey,Hip Hop 2022,Blueberry Faygo,2022-06-10,36
78,78,Token,KNOT,MAYFLOWER,2023-11-15,5
79,79,Lil Yachty,US Rap Hits 2022,Coffin,2022-03-25,29
80,80,Young Mandrilo,Hip Hop,Hip Hop,2024-07-25,1
81,81,Dead Prez,"Hip Hop 100 Hits - Urban rap & R n B anthems inc. Jay Z, A$ap Rocky, Wu-Tang Clan & Nas",Hip-Hop,2019-04-19,100
82,82,Maadmax Vibes,Still Hip Hop,Rockstar,2024-08-10,7
83,83,Jaah SLT,2021 Banger,2021 Banger,2021-01-22,1
84,84,NF,Summer Hip Hop Hits 2023,CAREFUL,2023-08-23,33
85,85,Doughphresh Da Don,Tape Deck Era,Hip Hop Eternal,2024-05-28,4
86,86,sleeping with shoes on,Relax,Relax,2024-01-26,1
87,87,K.A.A.N.,Gathering,Changed,2019-03-04,18
88,88,ICECOLDBISHOP,GENERATIONAL CURSE,LAST NIGHT,2023-03-24,13
89,89,Luna Fortuna,Hip Hop,Hip Hop,2024-07-08,1
90,90,HotInHipHop,Stuck In The Middle,Stuck In The Middle,2024-08-22,1
91,91,Blu,Royal Blu,The Royal,2024-02-09,8
92,92,DJ Muggs,ROC STAR,Soul Screaming,2024-03-29,12
93,93,IDK,USEE4YOURSELF,1995,2021-07-16,34
94,94,Evening Stroll,Inner City Staycation,Inner City Staycation,2023-12-01,1
95,95,GloRilla,Most Streamed Rap Songs 2023,Tomorrow 2,2023-10-17,35
96,96,Demrick,Stoney Point 4,The Recipe,2024-07-12,16
97,97,Kutt Calhoun,PANDEMIK,PANDEMIK,2024-07-19,1
98,98,Matthew Rix,Mattrix Minute: Best of 2018,How Hip-Hop Won The Music Industry,2019-03-05,39
99,99,Gift Of Gab,Finding Inspiration Somehow,Vice Grip,2021-09-10,13
100,100,Blu,abc,hip hop,2024-05-17,15
101,101,NF,Best Rap 2023,HOPE,2023-10-05,30
102,102,Token,Pink Is Better,Pink,2022-01-14,18
103,103,K.A.A.N.,Abstract Art,"Tendencies, Pt. 2",2015-10-11,17
104,104,DJ Muggs,Silver Cloud,Religion Of The Street,2024-05-03,17
105,105,SWAVAY,Pure Infinity,CLA 250 (Freestyle),2019-05-24,16
106,106,Bishop Nehru,BOY!,BOY!,2021-09-10,1
107,107,K.A.A.N.,Vivid Canvas,Black Music,2020-11-20,13
108,108,Token,GOLDY,MAYFLOWER,2023-10-20,4
109,109,2022 Hit Songs Music Mix,Chill Top Hit Songs Of 2022/2023,Hype Hit Songs Of 2022,2023-01-22,16
110,110,DJ Feedo,Top Hip Hop And R&B Songs,The Hurricane - Mix 4,2021-12-30,5
111,111,Wiz Khalifa,Top Hip-Hop 2022,"Work Hard, Play Hard",2022-08-05,25
112,112,Post Malone,Summer Hip Hop Hits 2023,Wow.,2023-08-23,33
113,113,K.A.A.N.,Ignorance Is Bliss,Going Under,2023-05-19,15
114,114,2022 Hit Songs Music Mix,New Hit Songs Of 2023,Top Bangers Of 2022,2023-01-17,17
115,115,Blu,The Color Blu(e),Mr. Blu(e),2021-09-24,11
116,116,Oscar #Worldpeace,Billboard Face,Billboard Face,2024-04-19,1
117,117,Jack Harlow,Hip Hop Hits 2022,Nail Tech,2022-06-24,25
118,118,Gift Of Gab,Rejoice! Rappers Are Rapping Again!,The Gentrification Song,2018-06-01,6
119,119,NLE Choppa,Hip Hop 2024,SLUT ME OUT 2,2024-05-18,35
120,120,Alcott,Rap or Die,Rap or Die,2024-02-02,1
121,121,Logic,Hottest Hip Hop 2018,Everyday,2018-08-24,28
122,122,Rhymefest,"Hip Hop 100 Hits - Urban rap & R n B anthems inc. Jay Z, A$ap Rocky, Wu-Tang Clan & Nas",Fever - Radio Edit,2019-04-19,100
123,123,Moneybagg Yo,Most Streamed Rap Songs 2023,Time Today,2023-10-17,35
124,124,Cardi B,Top Hip-Hop 2022,I Like It,2022-08-05,25
125,125,Hip Hop Loves,Hip Hop Loves Compilation Volume 1 Hip Hop 4 Haiti,Global Love Warming,2024-09-04,15
126,126,Brisko100,50 Years Of HipHop,50 Years Of HipHop,2023-09-30,1
127,127,J. Rawls,That Heat,That Heat,2024-05-31,1
128,128,Gang Starr,"Hip Hop 100 Hits - Urban rap & R n B anthems inc. Jay Z, A$ap Rocky, Wu-Tang Clan & Nas",Jazz Thing,2019-04-19,100
129,129,Real Hip Hop,Knowledge,Knowledge,2023-05-08,1
130,130,NF,Most Streamed Rap Songs 2023,Lie,2023-10-17,35
131,131,Lil Baby,Summer Hip Hop Hits 2023,Drip Too Hard,2023-08-23,33
132,132,Knox Hill,Blacklist,Hip Hop Is Dead,2021-12-10,14
133,133,Turbo,Hip Hop 2024,Bachelor,2024-05-18,35
134,134,K.A.A.N.,Ignorance Is Bliss,Hype,2023-05-19,15
135,135,Real Hip Hop,Kulture,Kulture,2023-05-09,1
136,136,K.A.A.N.,Requiem For A Dream Deferred,Eternal,2019-09-20,13
137,137,Lizzo,Today's Hip Hop Hits,Truth Hurts,2022-08-19,24
138,138,Blu,The Color Blu(e),People Call Me Blu(e),2021-09-24,11
139,139,Saweetie,Today's Hip Hop Hits,Tap In,2022-08-19,24
140,140,DaBaby,US Rap Hits 2022,Ball If I Want To,2022-03-25,29
141,141,Homeboy Sandman,People,People,2024-05-31,1
142,142,Jack Harlow,Hip Hop 2024,Lovin on Me,2024-05-18,35
143,143,The Hip-Hoppers,Oww,Oww,2024-09-23,1
144,144,Gift Of Gab,Finding Inspiration Somehow,Going Farther,2021-09-10,13
145,145,Tee Grizzley,Hip Hop 2024,Loop Hole (feat. 21 Savage),2024-05-18,35
146,146,Greengo,Green Business,Bigger Than Hip-Hop,2013-12-09,6
147,147,Blu,The Color Blu(e),Mr. Blu(e) Sky,2021-09-24,11
148,148,Migos,Summer Hip Hop Hits 2023,T-Shirt,2023-08-23,33
149,149,Blueface,Rap Hits 2021,Holy Moly,2021-01-29,24
150,150,K.A.A.N.,Gathering,Window,2019-03-04,18
151,151,Gucci Mane,Hip Hop 2024,Glizock & Wizop (feat. Key Glock),2024-05-18,35
152,152,Mustard,Best Hip Hop 2022,Ballin’,2022-09-16,20
153,153,Tee Grizzley,Top Rap 2024,Loop Hole,2024-02-15,35
154,154,Trey Songz,Top Hip-Hop 2022,LOL :-),2022-08-05,25
155,155,Token,Rockabye Baby,Rockabye Baby,2023-01-27,3
156,156,NF,Most Streamed Rap Songs 2023,HOPE,2023-10-17,35
157,157,Rae Sremmurd,Hip Hop Hits 2023,This Could Be Us,2023-02-08,31
158,158,Ja Rule,Most Streamed Rap Songs 2023,Mesmerize,2023-10-17,35
159,159,GloRilla,Best Of 2023: Breakout Artists,Lick Or Sum,2023-11-29,20
160,160,Gift Of Gab,Alchemy,Alchemy,2021-09-02,1
161,161,Hip Hub Cafe,Hip Hub Cafe,Bestthreat,2024-03-06,25
162,162,Blu,Gangster Music Vol. 1,Hip Hop Remix,2019-03-08,23
163,163,Reks,The Greatest X,H.I.P.H.O.P.,2016-09-09,35
164,164,FaRe 'N' HiTe,Hip Hop Mix (Dream's Ambition) [Original],Hip Hop Mix (Dream's Ambition) - Original,2021-03-15,1
165,165,Roddy Ricch,Hip Hop - Best of 2022,Real Talk,2022-11-04,42
166,166,Tee Grizzley,Best Hits 2024 - Popular Songs - Top Music,Swear to God (feat. Future),2024-05-29,50
167,167,Blu,The Color Blu(e),We Are Darker Than Blu(e),2021-09-24,11
168,168,Kodak Black,Today's Hip Hop Hits,Super Gremlin,2022-08-19,24
169,169,Kev-O,Rated U for Under,New Hip Hop Hooray,2018-06-19,11
170,170,Cardi B,Today's Hip Hop Hits,Up,2022-08-19,24
171,171,DJ krush,Alternative Hip Hop (2024 Remastered),Party Time - 2024 Remastered,2020-03-19,3
172,172,SWAVAY,ALMETHA’S SON (Deluxe),GROWN MAN,2023-07-12,17
173,173,Lil Baby,Best of 2021 Hip-Hop,Real As It Gets,2021-09-24,28
174,174,Aka Saint Dior,Hip Hop Calligraphy,Hip Hop Calligraphy,2024-06-18,1
175,175,A Boogie Wit da Hoodie,Hip Hop 2024,Steppas,2024-05-18,35
176,176,Mustard,Hip Hop Hits 2023,Ballin’,2023-02-08,31
177,177,A Boogie Wit da Hoodie,Top Hip-Hop Hits,Timeless - DJ SPINKING Remix,2022-06-03,28
178,178,Quavo,Most Streamed Rap Songs 2023,HOTEL LOBBY (Unc & Phew),2023-10-17,35
179,179,Trick Daddy,Top Hip-Hop 2022,Let's Go,2022-08-05,25
180,180,Abstract,AIR,Goldmine,2024-04-05,4
181,181,Diddy,Top Hip-Hop 2022,The Saga Continues,2022-08-05,25
182,182,NLE Choppa,Rap & Trap Hits 2022,SLUT ME OUT,2022-06-03,25
183,183,Kodak Black,Top Hip-Hop Hits,Patty Cake,2022-06-03,28
184,184,Top 40 Hip-Hop Hits,"Today's Pop, Rock, Dance and Hip-Hop Hits",Taste,2018-07-26,20
185,185,Apathy,The Black Lodge,Hip Hop Dummy,2015-06-30,50
186,186,Cardi B,Rap Songs 2022,Hot Shit,2022-07-29,20
187,187,Moneybagg Yo,US Rap Hits 2022,Scorpio,2022-03-25,29
188,188,NLE Choppa,Today's Hip Hop Hits,Camelot,2022-08-19,24
189,189,Don Toliver,Hip Hop 2024,Bandit,2024-05-18,35
190,190,JRocka,Sc Hip-Hop 100 Music Box,Carolina Take Over,2024-07-30,4
191,191,Gucci Mane,Today's Hip Hop Hits,Both,2022-08-19,24
192,192,Young Thug,100 Best Rap Songs of the 2010s & 2020s,Hot (feat. Gunna),2024-06-19,100
193,193,Black Rob,Top Hip-Hop 2022,Whoa!,2022-08-05,25
194,194,Sm!les,Hip Hop,Hip Hop,2024-04-29,1
195,195,Knox Hill,Blacklist,Hip Hop Show,2021-12-10,14
196,196,Gang Starr,Hip Hop Top Songs,Work,2023-08-04,46
197,197,Cardi B,Hip Hop 2024,Enough (Miami),2024-05-18,35
198,198,Group Home,Group Home,Hip Hop,2023-12-27,18
199,199,Iggy Azalea,Women of Hip Hop 2023,Team,2023-03-29,49
200,200,The Notorious B.I.G.,Top Hip-Hop 2022,Big Poppa,2022-08-05,25
201,201,Lil Uzi Vert,Hip Hop 2024,Flooded the Face,2024-05-18,35
202,202,112,Top Hip-Hop 2022,Peaches & Cream,2022-08-05,25
203,203,Saweetie,Hip Hop 2024,Richtivities,2024-05-18,35
204,204,R+R=NOW,Hip-Hop 50: Jazz x Hip-Hop,Awake To You,2023-09-13,27
205,205,Christ Hip Hop,Cross,Cross,2023-08-26,1
206,206,DJ Feedo,Top Hip Hop And R&B Songs,Happy New Year - Mix 1,2021-12-30,5
207,207,Rae Sremmurd,Afrobeat Heat Hits 2023,Guatemala - From Swaecation,2023-10-04,17
208,208,2 Chainz,Gaming Hits 2024,Grey Area,2024-05-15,30
209,209,Gazelle Hunter,Alt Hip Hop 2,Hope to Meet Your Maker,2023-02-28,9
210,210,Pop Smoke,Hip-Hop Workout 2022,Dior,2021-12-08,23
211,211,Urbanlegends,HIP-HOP,Lick ×4,2024-07-14,11
212,212,JZAC,"Freestyle Friday, Vol. 1",2020,2020-03-13,9
213,213,Nicki Minaj,Hip Hop Hits 2023,Super Freaky Girl,2023-02-08,31
214,214,Jack Harlow,RAP and HIP-HOP Hits,Tyler Herro,2023-08-11,45
215,215,Tee Marsh,Hip Hop Soja,Hip Hop Soja,2024-08-21,1
216,216,Joey Cool,Sweet,Sweet,2023-05-19,1
217,217,Da Endless,HIPHOP,HIPHOP,2022-09-15,1
218,218,Rap Caviar,Playlist,Playlist,2022-03-21,3
219,219,Jack Harlow,Top Hits 2022,First Class,2022-10-01,40
220,220,Global Don,Perfection,Generation Hip Hop,2024-09-27,14
221,221,Jack Harlow,2024 - Rap Hits,Dua Lipa,2023-11-18,31
222,222,DaBaby,Rap Hits 2021,ROCKSTAR,2021-01-29,24
223,223,Choi Seong,Sorrow,Hiphopdance,2021-06-24,16
224,224,Raphael Lake,Alt Hip Hop,Chose,2017-04-24,13
225,225,YGNXR,HIP HOP (2018),HIP HOP (2018),2018-11-04,1
226,226,HipHop Playlist,Chill HipHop Instrumentals Playlist,Hip Hop Radio Playlist,2022-07-26,20
227,227,Small D,NEW HIP-HOP 2023,Try That In A Small Town,2023-09-27,20
228,228,Kyle Sutton,ORCHESTRAL HIP HOP FOR SPORTS,Countdown To Action,2021-10-20,35
229,229,Boldy James,Latr (Tabs & Caps),Glad You Noticed,2018-12-08,23
230,230,Juice WRLD,Best Hip Hop 2022,Come & Go,2022-09-16,20
231,231,Juice WRLD,Hip Hop Hits 2023,Armed And Dangerous,2023-02-08,31
232,232,Diddy,Top Hip-Hop 2022,I Love You Baby,2022-08-05,25
233,233,Lor_Kreny,This Is Hip Hop,The Prologue,2024-09-04,7
234,234,Jack Harlow,Top Hip-Hop 2022,First Class,2022-08-05,25
235,235,Mustard,Hip-Hop Workout 2022,Ballin’,2021-12-08,23
236,236,Tee Grizzley,100 Best Rap Songs of the 2010s & 2020s,Swear to God (feat. Future),2024-06-19,100
237,237,Pop Smoke,Best Rap 2023,Dior,2023-10-05,30
238,238,DaBaby,Hip Hop Hits 2023,ROCKSTAR,2023-02-08,31
239,239,Urbanlegends,HIP-HOP,Mistakes,2024-07-14,11
240,240,Gucci Mane,Rap Songs 2024,TakeDat,2024-05-28,44
241,241,Juice WRLD,Hip Hop Hits 2023,Robbery,2023-02-08,31
242,242,Jack Harlow,Hits 2022 - Today's Top Songs,First Class,2022-05-27,29
243,243,Tee Grizzley,Rap Songs 2024,Swear to God (feat. Future),2024-05-28,44
244,244,Cardi B,Top Hip-Hop Hits,Please Me,2022-06-03,28
245,245,Hip Hub Cafe,Hip Hub Cafe,Best Move,2024-03-06,25
246,246,Kodak Black,TikTok Rap 2022,Transportin',2022-07-22,26
247,247,A2,All Spill,Clearly,2019-07-26,11
248,248,Jigmastas,Grassroots - The Prologue - Deluxe Edition,Hip Hop,2015-09-14,21
249,249,Leschea,Slow Flow: Hip Hop & R&B,Hip Hop,2019-11-22,24
250,250,Fastmoney Ant,Rap 2024 New Hot Hip Hop,"Bleed (feat. YFG Fatso, DCG Shun, DCG Bsavv, Lil King)",2024-07-21,50
251,251,Joey Cool,Sweet,Sweet,2023-05-19,1
252,252,Mustard,Hip Hop 2022,Ballin’,2022-06-10,36
253,253,Gucci Mane,Top Rap 2024,Glizock & Wizop,2024-02-15,35
254,254,Parker,HIP-HOP,HIP HOP,2024-09-13,1
255,255,Acclimate Hip Hop,Acclimation,Choices,2024-07-19,14
256,256,B.o.B,Top Hip-Hop 2022,Not for Long,2022-08-05,25
257,257,O2worldwide,BETTER,BETTER,2023-01-26,1
258,258,Logic,Rap That Slaps 2023,Gang Related,2023-09-27,30
259,259,Tee Grizzley,Rap Songs 2024,Loop Hole (feat. 21 Savage),2024-05-28,44
260,260,Blu,abc,compton watts,2024-05-17,15
261,261,DaBaby,US Rap Hits 2022,Red Light Green Light,2022-03-25,29
262,262,Lental,Hip Hop,An Introduction To Hip Hop,2024-03-29,14
263,263,A Boogie Wit da Hoodie,Top Rap 2024,Did Me Wrong,2024-02-15,35
264,264,Culture Clan,Lyrical Attack,Hip Hop,2024-03-29,15
265,265,NLE Choppa,Rap 2024 New Hot Hip Hop,Stickin and Movin,2024-07-21,50
266,266,Mac Miller,Top Hip-Hop 2022,Blue World,2022-08-05,25
267,267,Lil Baby,Hip-Hop Workout 2022,Woah,2021-12-08,23
268,268,Gucci Mane,Rap 2024 New Hot Hip Hop,TakeDat,2024-07-21,50
269,269,Blu,Other Shades Of Blu(e),The Blu(e)s,2021-06-14,10
270,270,Zero14,Hip Hop,Hip Hop,2024-07-30,1
271,271,Upgrade HipHop,Seasonal Obsession,Vitamins,2024-05-02,10
272,272,Kodak Black,Rap Songs 2022,Super Gremlin,2022-07-29,20
273,273,Hip Hub Cafe,Hip Hub Cafe,Yellow River,2024-03-06,25
274,274,Todays Top Hits,Todays Top Hits 2022,Music Hits,2022-09-30,17
275,275,Smooth Hiphop Cafe,Smooth Hiphop Cafe,Savour It,2021-01-09,10
276,276,Sonny Digital,Top Rap 2024,WAKENBAKE,2024-02-15,35
277,277,Saweetie,Hip-Hop Party Bangers 2024,NANi,2024-07-25,45
278,278,Toylah,The Rhino,Hip Hop Legends,2024-06-21,12
279,279,Hip Hub Cafe,Hip Hub Cafe,Last Fiction,2024-03-06,25
280,280,Quavo,Hip Hop Hits 2023,HOTEL LOBBY (Unc & Phew),2023-02-08,31
281,281,Migos,Summer Hip Hop Hits 2023,Stir Fry,2023-08-23,33
282,282,Megan Thee Stallion,Hip Hop - Best of 2022,Her,2022-11-04,42
283,283,YEAR OF THE OX,YEAR OF THE OX,Cabernet,2021-02-26,8
284,284,Lil Uzi Vert,Hip Hop - Best of 2022,FOR FUN,2022-11-04,42
285,285,Roddy Ricch,Hip Hop 2022,25 million,2022-06-03,35
286,286,2022 Hit Songs Music Mix,Top Hit Songs Of 2022,Viral Top Hits,2022-12-07,10
287,287,NLE Choppa,summer 2024: music for by the pool,It's Getting Hot,2024-05-09,36
288,288,Gucci Mane,2024 - Rap Hits,Woppenheimer,2023-11-18,31
289,289,Hip Hop for the World,#Hiphopishiphop,#Hiphopishiphop,2015-03-05,1
290,290,Trytonte,The Great Hip Hop Roll Back,The Great Hip Hop Roll Back,2024-10-05,1
291,291,2022 Hit Songs Music Mix,Top Hit Songs Of 2022,Fall Top Hits,2022-12-07,10
292,292,Naughty By Nature,Hip Hop Hooray (Re-Recorded) [Acapella] - Single,Hip Hop Hooray (Re-Recorded) [Acapella],2023-06-27,3
293,293,NLE Choppa,Top Pop New Music 2024,SLUT ME OUT 2,2024-06-07,55
294,294,Quavo,The Best Songs of 2023,HOTEL LOBBY (Unc & Phew),2023-12-01,32
295,295,Turbo,Top Rap 2024,Bachelor,2024-02-15,35
296,296,Mike Shinoda,Indie Alternative Now: Summer 2023 Edition,In My Head,2024-05-16,39
297,297,Roddy Ricch,2024 - Rap Hits,Ghetto Superstar,2023-11-18,31
298,298,Cardi B,100 Best Rap Songs of the 2010s & 2020s,I Like It,2024-06-19,100
299,299,Top 40 Hip-Hop Hits,"Today's Pop, Rock, Dance and Hip-Hop Hits",Adventure of a Lifetime,2018-07-26,20
300,300,Parker,HIP-HOP,HIP HOP,2024-09-13,1
301,301,Armani White,Hip Hop Hits,BILLIE EILISH.,2023-08-08,43
302,302,K.A.A.N.,Gathering,Slide,2019-03-04,17
303,303,A Boogie Wit da Hoodie,Hip Hop 2022,Man In the Mirror,2022-06-03,35
304,304,Khafre Jay,Critical Race Hip Hop,No Seconds,2024-06-19,12
305,305,KountUpWitdak,54 Baby 2,2020 (feat. Dirty Tay),2020-05-13,15
306,306,Tee Grizzley,Rap Songs 2024,Loop Hole (feat. 21 Savage),2024-05-28,44
307,307,Upgrade HipHop,Seasonal Obsession,Two Sided Tape,2024-05-02,10
308,308,Cardi B,New Jams - Top Hip Hop Today,Get up 10,2022-03-18,26
309,309,O2worldwide,Broadcasting,Fisher Price,2019-06-21,16
310,310,Lental,Hip Hop,An Introduction To Hip Hop,2024-03-29,14
311,311,midwxst,Best Hip Hop 2022,Tic Tac Toe,2022-09-16,20
312,312,A Boogie Wit da Hoodie,Top Rap 2024,Did Me Wrong,2024-02-15,35
313,313,Kodak Black,Hot Hip Hop 2020s,Dirt McGerk,2023-11-03,26
314,314,Culture Clan,Lyrical Attack,Hip Hop,2024-03-29,15
315,315,NLE Choppa,Rap 2024 New Hot Hip Hop,Stickin and Movin,2024-07-21,50
316,316,Hip Hub Cafe,Hip Hub Cafe,Dark Nightmare,2024-03-06,25
317,317,Mac Miller,Top Hip-Hop 2022,Blue World,2022-08-05,25
318,318,Lil Baby,Hip-Hop Workout 2022,Woah,2021-12-08,23
319,319,Gucci Mane,Rap 2024 New Hot Hip Hop,TakeDat,2024-07-21,50
320,320,Language Arts Crew,Applied Knowledge,The Last Letter,2004-01-01,16
321,321,Zero14,Hip Hop,Hip Hop,2024-07-30,1
322,322,Hip Hub Cafe,Hip Hub Cafe,November Blue,2024-03-06,25
323,323,Wu-Tang Clan,Top Hip-Hop 2022,Wu-Tang Reunion,2022-08-05,25
324,324,Lental,Hip Hop,Hip Hop,2024-03-29,14
325,325,Upgrade HipHop,Seasonal Obsession,Vitamins,2024-05-02,10
326,326,Kodak Black,Rap Songs 2022,Super Gremlin,2022-07-29,20
327,327,DaBaby,Hip-Hop Workout 2022,VIBEZ,2021-12-08,23
328,328,Tierra Whack,Women of Hip Hop 2023,Hungry Hippo,2023-03-29,49
329,329,Upgrade HipHop,Seasonal Obsession,Hypocrite,2024-05-02,10
330,330,Hip Hop Mix,Hip Hop MegaMix,Hip Hop MegaMix,2020-06-12,1
331,331,Saweetie,Hip-Hop Party Bangers 2024,NANi,2024-07-25,45
332,332,Shordie Shordie,Top Rap 2024,Contacts,2024-02-15,35
333,333,Quavo,Hip Hop Hits 2023,HOTEL LOBBY (Unc & Phew),2023-02-08,31
334,334,Migos,Summer Hip Hop Hits 2023,Stir Fry,2023-08-23,33
335,335,Tee Grizzley,Top Rap 2024,The Sopranos - (feat. Machine Gun Kelly),2024-02-15,35
336,336,Megan Thee Stallion,Hip Hop - Best of 2022,Her,2022-11-04,42
337,337,Gucci Mane,Top Hip-Hop Hits,Serial Killers,2022-06-03,28
338,338,Lil Uzi Vert,Hip Hop - Best of 2022,FOR FUN,2022-11-04,42
339,339,Roddy Ricch,Hip Hop 2022,25 million,2022-06-03,35
340,340,2022 Hit Songs Music Mix,Top Hit Songs Of 2022,Viral Top Hits,2022-12-07,10
341,341,Gucci Mane,2024 - Rap Hits,Woppenheimer,2023-11-18,31
342,342,Finesse2tymes,Top Rap 2024,Fat Boy - (feat. Rick Ross),2024-02-15,35
343,343,Rap Game,Today's Hip-Hop Radio Hits,Danger,2018-04-06,23
344,344,2022 Hit Songs Music Mix,Top Hit Songs Of 2022,Fall Top Hits,2022-12-07,10
345,345,Naughty By Nature,Hip Hop Hooray (Re-Recorded) [Acapella] - Single,Hip Hop Hooray (Re-Recorded) [Acapella],2023-06-27,3
346,346,Upgrade HipHop,Seasonal Obsession,Not You it's Me,2024-05-02,10
347,347,Lifesavas,Spirit in Stone,Emerge,2003-01-01,16
348,348,Roddy Ricch,2024 - Rap Hits,Ghetto Superstar,2023-11-18,31
349,349,Mary J. Blige,Women of Hip Hop 2023,Love No Limit - Remix,2023-03-29,49
350,350,Roddy Ricch,Rap 2024 New Hot Hip Hop,Survivor’s Remorse,2024-07-21,50
351,351,Urbanlegends,HIP-HOP,DK Slums,2024-07-14,11
352,352,Jazzy Hip Hop Lounge,Game Together,Hot Spotlight,2024-07-15,50
353,353,Yung Gravy,Hip Hop Hits 2023,Betty (Get Money),2023-02-08,31
354,354,Figero Scripp,Hip Hop Pop,On My Own,2024-02-08,10
355,355,Eve,Women of Hip Hop 2023,Let Me Blow Ya Mind,2023-03-29,49
356,356,DaBaby,Hip Hop Gems,ROCKSTAR,2022-11-03,25
357,357,DZ,Definition of a Hustler,Hip Hop's Changed,2024-08-05,10
358,358,Kaliii,Top Rap 2024,Area Codes,2024-02-15,35
359,359,$NOT,Rap - Best of 2022,Doja,2022-12-23,30
360,360,Roderick Porter,2024 - Rap Hits,OVER AGAIN,2023-11-18,31
361,361,Pop Smoke,US Rap Hits 2022,Woo Baby,2022-03-25,29
362,362,O2worldwide,FAKE,FAKE,2022-11-25,1
363,363,Trellion,Spilt,Spilt,2019-02-07,1
364,364,Playboi Carti,Hip Hop Hits 2023,Shoota,2023-02-08,31
365,365,Big Scarr,Rap Songs 2024,Bulletproof (feat. NLE Choppa),2024-05-28,44
366,366,K.A.A.N.,Gathering,Kyst,2019-03-04,17
367,367,Global Don,Hip Hop Is Killing Us,Hip Hop Is Killing Us,2024-01-02,1
368,368,HipHop Playlist,Chill HipHop Instrumentals Playlist,Hippy Hop Hop,2022-07-26,20
369,369,Luh Tyler,Hip Hop 2024,Bad Bitch,2024-05-18,35
370,370,Jack Harlow,Rap - Best of 2022,Dua Lipa,2022-12-23,30
371,371,Lil Tecca,Hottest in Hip Hop 2021,DUI,2021-04-28,30
372,372,LUM,Rap 2024 New Hot Hip Hop,Motions,2024-07-21,50
373,373,P-Lo,Moovie! 2: The Yeequel,HIP-HOP,2024-07-08,13
374,374,Todays Top Hits,2023 Top Hit Music Mix,Top Bangers Of 2022,2023-02-04,16
375,375,Todays Top Hits,2023 Top Hit Music Mix,Banger Songs Of 2022,2023-02-04,16
376,376,Jack Harlow,Top Trap 2022,Creme,2022-09-02,25
377,377,J. Rawls,Criminal Blinded,G Rap,2023-12-15,7
378,378,Baby Tate,Hip Hop - Best of 2022,Sl*t Him Out,2022-11-04,42
379,379,Rap Game,Today's Hip-Hop Radio Hits,Man's Not Hot,2018-04-06,23
380,380,Tee Grizzley,New Music 2024,Swear to God (feat. Future),2024-06-29,60
381,381,Deaf by Hip-Hop,The Return,Return,2024-08-05,2
382,382,Pop Smoke,Hip Hop Hits 2023,Dior,2023-02-08,31
383,383,Lil Baby,Hip-Hop Workout 2022,Drip Too Hard,2021-12-08,23
384,384,Lil Uzi Vert,Hip Hop Hits 2022,20 Min,2022-06-24,25
385,385,Top 40 Hip-Hop Hits,"Today's Pop, Rock, Dance and Hip-Hop Hits",Psycho,2018-07-26,20
386,386,Finesse2tymes,Rap 2024 New Hot Hip Hop,Mixed Feelings,2024-07-21,50
387,387,NLE Choppa,100 Best Rap Songs of the 2010s & 2020s,SLUT ME OUT,2024-06-19,100
388,388,GZA,Jazzy Rap,"Knock, Knock",2022-03-28,19
389,389,Bktherula,Top Hip-Hop Hits,SANTANNY,2022-06-03,28
390,390,Sole,False Field,False Field,2024-02-09,1
391,391,Moment in Color,Hip Hop Hope Pt.4,Hip Hop Hope Pt.4,2024-10-08,1
392,392,Lil Uzi Vert,RAP SUMMER HITS 2023,Grab the Wheel,2023-07-21,22
393,393,Upgrade HipHop,Seasonal Obsession,Turn Down for Wut?,2024-05-02,10
394,394,Kaliii,2024 - Rap Hits,Area Codes,2023-11-18,31
395,395,Del The Funky Homosapien,Best Of: Hip Hop,Mistadobalina,2024-09-04,45
396,396,Grandmaster Boogie,Hip-Hop Fusion,Hip-Hop Fusion,2024-01-19,1
397,397,Tee Grizzley,Top Tracks 100 Hot Hits,Loop Hole (feat. 21 Savage),2024-08-03,100
398,398,The Great Julius,Hip Hop Origins,Hip Hop Origins,2024-05-24,1
399,399,Mase,Top Hip-Hop 2022,Niggaz Wanna Act,2022-08-05,25
400,400,2022 Hit Songs Music Mix,Best Popular Top Hit Songs Of 2022,Top Hits Music Mix,2023-01-12,16
401,401,Blu,Other Shades Of Blu(e),Out Of The Blu(e),2021-06-14,10
402,402,Lil Baby,Hip Hop 2022,Ready,2022-06-10,36
403,403,Roddy Ricch,Hip Hop 2022,thailand,2022-06-03,35
404,404,Kodak Black,Rap & Trap Hits 2022,Super Gremlin,2022-06-03,25
405,405,DaBaby,Best of 2021 Gaming,BOP,2021-11-30,20
406,406,Roddy Ricch,Hip-Hop Party Bangers 2024,911,2024-07-25,45
407,407,YoungBoy Never Broke Again,Hip Hop Hits 2022,Make No Sense,2022-06-24,25
408,408,Hip Hop Saves Lives,Ability,Ability,2024-08-05,1
409,409,Nas,100 Hip Hop Hits,The Greatest,2014-04-14,100
410,410,Ravyn Lenae,Hits 2024 - Top Tracks,Dream Girl,2024-07-19,60
411,411,Hometown Hip-Hop,New York,Manhattan,2024-09-08,30
412,412,Cardi B,Best Songs of 2024,Like What (Freestyle),2024-05-09,21
413,413,Popular Songs,Best Top Tracks 2022 Playlist,2022 Top Hits,2022-10-17,18
414,414,Jack Harlow,100 Best Rap Songs of the 2010s & 2020s,Lovin on Me,2024-06-19,100
415,415,Snoop Dogg,Hip Hop Top Songs,Beautiful,2023-08-04,46
416,416,Yung Gravy,Best Hip Hop 2022,Betty (Get Money),2022-09-16,20
417,417,NLE Choppa,Hip Hop 2022,Jumpin,2022-06-03,35
418,418,Gucci Mane,Top Pop New Music 2024,TakeDat,2024-06-07,55
419,419,Pooh Shiesty,Hip Hop 2022,Next Up,2022-06-03,35
420,420,Juice WRLD,Hip Hop Hits 2023,Wishing Well,2023-02-08,31
421,421,Todays Top Hits,Todays Top 20 Hits - Hit Songs Radio Beats Mix,Hype Hit Songs Of 2022,2023-01-07,16
422,422,Eric Caspar,Bling Bling Hip Hop,Hip Hop Dynasty,2015-03-03,12
423,423,Tee Grizzley,Hip-Hop Party Bangers 2024,Loop Hole (feat. 21 Savage),2024-07-25,45
424,424,DaBaby,Hip Hop Top Songs,ROCKSTAR,2023-08-04,46
425,425,Ashnikko,Women of Hip Hop 2020s,STUPID,2024-01-26,26
426,426,DaBaby,Radio Hits 2020,ROCKSTAR,2020-09-11,25
427,427,Electronic Heores,Chaos Symphony,Genres Hiphop Drill (2100Db8B2B12481C89C20982C4Eff7D9),2024-04-22,9
428,428,Blueface,Rap Hits 2021,First Class,2021-01-29,24
429,429,Todays Top Hits,2022 Top Hit Songs Playlist,Top Bangers Of 2022,2022-12-29,16
430,430,Shoreline Mafia,Rap 2024 New Hot Hip Hop,HEAT STICK,2024-07-21,50
431,431,Jack Harlow,Rap & Trap Hits 2022,First Class,2022-06-03,25
432,432,Todays Top Hits,2022 Top Hit Songs Playlist,Hype Hit Songs Of 2022,2022-12-29,16
433,433,DaBaby,Rap Hits 2021,INTRO,2021-01-29,24
434,434,Blu,Other Shades Of Blu(e),Blu(e)s On My Mind,2021-06-14,10
435,435,Signature Tracks,Hip Hop,The One And Only,2024-09-06,38
436,436,DaBaby,Hip Hop 2022,ROCKSTAR,2022-06-10,36
437,437,Khafre Jay,Critical Race Hip Hop,Shoes Got Holes,2024-06-19,12
438,438,Greatest Hits 2023,Best Music Hits Of 2023,Top Hits,2023-08-10,11
439,439,Cardi B,Top Pop New Music 2024,Like What (Freestyle),2024-06-07,55
440,440,NLE Choppa,Hip-Hop Hits,Moonlight,2022-07-01,24
441,441,Todays Top Hits,Todays Top Hit Songs 2023,Top Bangers Of 2022,2023-02-08,16
442,442,HipHop Instrumentals,HipHop Instrumentals,Blurry (instrumental),2022-06-05,10
443,443,Baby Tate,Top Rap 2024,Lollipop,2024-02-15,35
444,444,Cardi B,Rap Songs 2024,Like What (Freestyle),2024-05-28,44
445,445,Jack Harlow,Rap & Trap - Hip Hop 2022,Dua Lipa,2022-06-24,30
446,446,Rap Game,Today's Hip-Hop Radio Hits,Spotlight,2018-04-06,23
447,447,Electronic Heores,Chaos Symphony,Genres Hiphop Drill (9155B4B57F6B45599761E3E9F51C4Ece),2024-04-22,9
448,448,DaBaby,Hip Hop Hits Vol.10,OFF THE RIP,2023-08-18,26
449,449,Todays Top Hits,Todays Top Hits Radio Playlist Mix 2022,Banger Songs Of 2022,2023-01-10,16
450,450,Wale,100 Best Rap Songs of the 2010s & 2020s,Bad (Remix) [feat. Rihanna],2024-06-19,100
451,451,Hometown Hip-Hop,Massachusetts,Boston,2024-09-12,30
452,452,DaBaby,Hip-Hop Mix,BOP,2023-07-13,21
453,453,Nate,Life & Lyrics,Bigger Than Hip-Hop,2010-12-25,10
454,454,Doctor Flake,Colors,Atlas,2024-04-19,12
455,455,GuzziWitDaMFKNUzii,Hip Hops Not Dead,F70r!DV B0!!Z,2024-06-24,5
456,456,Electronic Heores,Chaos Symphony,Genres Hiphop Drill (7Ddcba3063584452840962C54B942317),2024-04-22,9
457,457,Top 40 Hip-Hop Hits,Dope Hip-Hop Hits,In Da Club,2016-06-10,10
458,458,Ravyn Lenae,hot hits 2024,Dream Girl,2024-07-27,45
459,459,Bigger Story Music,Hip Hop Bangers,No Passes,2024-01-19,16
460,460,Jack Harlow,Hip Hop Hits 2022,First Class,2022-06-24,25
461,461,Street Vital,Urban Flux: The Intersection of Beat Theory and Hip-Hop Evolution,Golden Era Vibes,2024-09-08,6
462,462,Jack Harlow,Rap Songs 2022,First Class,2022-07-29,20
463,463,2022 Hit Songs Music Mix,Best Popular Top Hit Songs Of 2022,Snow Top Hit Songs,2023-01-12,16
464,464,Creed Tha Kid,Rap 2024 New Hot Hip Hop,Rule Together,2024-07-21,50
465,465,Kodak Black,Hip Hop Hits Now,Super Gremlin,2023-06-30,25
466,466,Upgrade HipHop,"People Change, So Do My Meds",Average,2023-11-22,13
467,467,Juice WRLD,Hip Hop Hits 2023,Lucid Dreams,2023-02-08,31
468,468,Maine the Medicine,The Cloth,"Hip Hop, Wrestling,and Kung Fu",2023-12-20,15
469,469,DaBaby,Hip Hop Today,Goin Baby,2023-04-12,27
470,470,DaBaby,Summer Hip Hop Hits 2023,ROCKSTAR,2023-08-23,33
471,471,Lil Baby,Most Streamed Rap Songs 2023,Drip Too Hard,2023-10-17,35
472,472,Cardi B,Rap 2024 New Hot Hip Hop,Like What (Freestyle),2024-07-21,50
473,473,Öster,Color of Sea,Color of Sea,2024-03-01,1
474,474,Todays Top Hits,Today Tracks Today - Top Hit Songs,2022 Hit Songs Music Mix,2023-01-03,16
475,475,Livestream Music,Livestream HipHop Music Mix,Stream Music,2022-11-21,19
476,476,Top Hip Hop DJs,100 Hip Hop 2010 Hits,On To The Next One (Made Famous by Jay Z),2010-09-01,100
477,477,NLE Choppa,Top Hip-Hop,Capo,2022-08-26,40
478,478,Eve,Women of Hip Hop 2023,Tambourine,2023-03-29,49
479,479,Lil Yachty,Best Hip Hop 2022,G.I. Joe,2022-09-16,20
480,480,Jack Harlow,Rap & Trap Hits 2022,Dua Lipa,2022-06-03,25
481,481,Khafre Jay,Critical Race Hip Hop,HU,2024-06-19,12
482,482,Post Malone,Hip Hop Hits 2023,One Right Now,2023-02-08,31
483,483,Kaliii,100 Best Rap Songs of the 2010s & 2020s,Area Codes,2024-06-19,100
484,484,Todays Top Hits,Today Tracks Today - Top Hit Songs,Top Bangers Of 2022,2023-01-03,16
485,485,Flyana Boss,Top Pop New Music 2024,yeaaa,2024-06-07,55
486,486,Todays Top Hits,Todays Top Hits Radio Playlist Mix,Top Bangers Of 2022,2022-10-19,20
487,487,Chase Akers,Hip Hop Archvies (2022),BUSTA,2023-09-08,2
488,488,Elle Green,"Hip Hop Dinner Party, Pt. 1",Higher Mind,2023-12-22,14
489,489,Lyrical I,The Real Lyrical EP,Movement for Hip Hop,2017-06-30,4
490,490,Top Hip Hop DJs,100 Hip Hop 2010 Hits,Number 1 (Made Famous by Tinchy Stryder),2010-09-01,100
491,491,2Rare,Rap 2024 New Hot Hip Hop,C4 (feat. Skilla Baby & Rob49),2024-07-21,50
492,492,Hip Hop Instrumentals,Hip Hop Instrumentals,Completion Rising,2022-12-01,50
493,493,Rap Game,Today's Hip-Hop Radio Hits,I Got It,2018-04-06,23
494,494,Bankrol Hayden,100 Best Rap Songs of the 2010s & 2020s,Costa Rica,2024-06-19,100
495,495,Cordae,Alternative Hip Hop,Two Tens,2023-07-14,25
496,496,Todays Top Hits,2022 Hit Songs Top Hits Today Music Playlist Radio Mix,2022 Top Hits,2023-01-14,16
497,497,A Boogie Wit da Hoodie,Hip Hop Hits Now,Bleed,2023-06-30,25
498,498,22Gz,Top Hip-Hop,Up N Stuck,2022-08-26,40
499,499,Yardie,HIP HOP WORLD CUP,MELODY,2024-08-23,7
500,0,IDK,KiCKIN,KiCKIN,2024-09-11,1
501,1,Free Nationals,Gangsta,Gangsta,2024-02-23,1
502,2,KAYTRANADA,TIMELESS,Drip Sweat (feat. Channel Tres),2024-06-07,21
503,3,DaBaby,GRAMMY PARTY,GRAMMY PARTY,2024-02-29,1
504,4,Maeta,DJ Got Me,DJ Got Me,2024-05-29,1
505,5,Chance the Rapper,3333,3333,2024-08-30,2
506,6,SiR,HEAVY,YOU,2024-03-22,16
507,7,KAYTRANADA,TIMELESS,Seemingly,2024-06-07,21
508,8,Ryan Oakes,I WISH,I WISH,2024-05-24,1
509,9,Mac Black,This Is Hip Hop,Farewell,2023-02-07,12
510,10,MAVI,shadowbox,latch,2024-08-09,14
511,11,Killer Mike,HUMBLE ME,HUMBLE ME,2024-07-01,1
512,12,Token,KNOT,KNOT,2023-11-15,5
513,13,KAYTRANADA,TIMELESS,Stuntin,2024-06-07,21
514,14,Maeta,Endless Night,DJ Got Me,2024-06-21,7
515,15,Gus Dapperton,Lil Tune,Lil Tune,2024-02-23,1
516,16,Blu,Love (the) Ominous World,Undisputed,2024-09-20,12
517,17,SiR,HEAVY,HEAVY,2024-03-22,16
518,18,MIKE,Pinball,R&B,2024-03-06,11
519,19,SiR,HEAVY,ONLY HUMAN,2024-03-22,16
520,20,Blu,Gold,Gold,2024-09-06,1
521,21,Megan Thee Stallion,HISS,HISS,2024-02-01,7
522,22,Campel,Hip-Hip,Hip-Hip,2024-06-03,1
523,23,Free Nationals,Gangsta,Gangsta,2024-02-23,1
524,24,FEVER 333,DESERT RAP,DESERT RAP,2024-09-04,4
525,25,Degiheugi,Remixed Treasures,More Than Abstract Hip-Hop - Mounika. Remix,2023-04-21,13
526,26,ABRA,SUBI,SUBI,2024-08-21,1
527,27,Common,Dreamin',Dreamin',2024-06-11,2
528,28,NLE Choppa,Rap Songs 2024,SLUT ME OUT 2,2024-05-28,44
529,29,Blu,Love (the) Ominous World,Smack,2024-09-20,12
530,30,Niontay,Real hiphop,"Real hiphop - feat. Earl Sweatshirt, El Cousteau, & MIKE",2023-10-19,1
531,31,MIKE,R&B,R&B,2024-02-14,1
532,32,Yeek,Brand New,Brand New,2024-06-12,1
533,33,Nate Good,Balance,Balance,2024-09-27,1
534,34,Common,Wise Up,Wise Up,2024-05-22,1
535,35,Killer Mike,Michael (Rap Album of the Year),YES!,2024-02-04,25
536,36,RIMON,Flowers,Flowers,2024-03-21,1
537,37,Megan Thee Stallion,HISS,HISS,2024-01-25,1
538,38,Benny The Butcher,BRON,BRON,2024-01-12,1
539,39,Naughty By Nature,The Naughtiest,Hip Hop Hooray,2024-10-04,10
540,40,Nate Good,Alive,Alive,2024-09-13,1
541,41,Blu,Los Angeles,The Land,2024-07-12,13
542,42,KLIM,Velvet Keys,Velvet Keys,2024-09-06,1
543,43,Dua Saleh,unruly,unruly,2024-05-29,1
544,44,Justin Stone,EXPIRE,EXPIRE,2024-07-26,1
545,45,Jaden,D.U.M.B.,D.U.M.B.,2024-10-04,2
546,46,SWAVAY,BABY,BABY,2024-02-14,1
547,47,Rae Khalil,CRYBABY,CRYBABY,2024-08-09,13
548,48,Ray Lozano,DRAGON,DRAGON,2024-10-09,1
549,49,Megan Thee Stallion,HISS,HISS,2024-01-31,5
550,50,emawk,COLOURS,COLOURS,2024-07-19,1
551,51,Kill Bill: The Rapper,LICK,LICK,2024-06-13,1
552,52,Blu,Love Is Blu,Love Is Blu,2024-08-16,1
553,53,Megan Thee Stallion,Cobra (Rock Remix) [feat. Spiritbox],Cobra (Rock Remix) [feat. Spiritbox],2023-11-07,1
554,54,Smoke DZA,ZAZA,ZAZA,2024-07-26,1
555,55,Killer Mike,Michael (Rap Album of the Year),MOTHERLESS,2024-02-04,25
556,56,Kurious,Unknown Species,Unknown Species,2024-08-14,1
557,57,mynameisntjmack,mynameisnt,newhihat,2024-05-29,11
558,58,Common,All Kind Of Ideas,All Kind Of Ideas,2024-06-27,3
559,59,Killer Mike,Michael (Rap Album of the Year),GET SOME MONEY,2024-02-04,25
560,60,Killer Mike,Michael (Rap Album of the Year),NRICH,2024-02-04,25
561,61,Killer Mike,Michael (Rap Album of the Year),HIGH & HOLY,2024-02-04,25
562,62,DaBaby,GRAMMY PARTY,GRAMMY PARTY,2024-02-29,1
563,63,Ameer Vann,WOOF,GENESIS,2024-08-09,11
564,64,Don Toliver,Top Rap 2024,Bandit,2024-02-15,35
565,65,Lava La Rue,STARFACE,Humanity,2024-07-19,17
566,66,Killer Mike,Michael (Rap Album of the Year),ACT UP,2024-02-04,25
567,67,Killer Mike,Michael (Rap Album of the Year),MOTHERLESS - Single Version,2024-02-04,25
568,68,Giraa,Wolves,Wolves,2024-09-13,1
569,69,Justin Stone,KILLSTREAK,KILLSTREAK,2024-03-01,1
570,70,Yeat,Gaming Hits 2024,Breathe,2024-05-15,30
571,71,Eavil,genre:TRAP,Cap,2024-09-02,6
572,72,Boztown,Younger Game,The Playground,2023-06-09,8
573,73,Maeta,DJ Got Me,DJ Got Me,2024-06-13,1
574,74,Rowlan,ACTION,ACTION,2024-07-18,1
575,75,K.A.A.N.,Nightmare,Nightmare,2024-04-26,1
576,76,Eavil,genre:TRAP,Sharpmind,2024-09-02,6
577,77,Wynne,Dirt (Poem),Dirt (Poem),2024-04-26,1
578,78,Justin Stone,LUCK,LUCK,2024-04-12,1
579,79,Hemanifezt,THIS IS HIP HOP,THIS IS HIP HOP,2024-09-10,1
580,80,HotInHipHop,Stuck In The Middle,Stuck In The Middle,2024-08-22,1
581,81,Murs,Bigger Dreams,Bigger Dreams,2024-05-01,1
582,82,Luna Fortuna,Hip Hop,Hip Hop,2024-07-08,1
583,83,Megan Thee Stallion,HISS,HISS,2024-01-31,5
584,84,Lil Mosey,Hip Hop Hits 2023,Blueberry Faygo,2023-02-08,31
585,85,Common,All Kind Of Ideas,Dreamin',2024-06-27,3
586,86,Conspirituality,Meteorite,Meteorite,2024-05-01,1
587,87,AZ,The GOAT,The GOAT,2023-09-29,1
588,88,Moneybagg Yo,Most Streamed Rap Songs 2023,Quickie,2023-10-17,35
589,89,Lil Uzi Vert,Top Hits Pop,Flooded the Face,2024-05-16,68
590,90,Yeek,Current Mood (10 Year Anniversary),The Tale of Yeek,2024-09-18,10
591,91,GINGE,PooOoFf!,PooOoFf!,2024-06-28,2
592,92,Eavil,genre:TRAP,Gangshit,2024-09-02,6
593,93,Reverie,Gratitude,Gratitude,2024-08-02,1
594,94,GloRilla,Most Streamed Rap Songs 2023,Tomorrow 2,2023-10-17,35
595,95,NF,Summer Hip Hop Hits 2023,CAREFUL,2023-08-23,33
596,96,Justin Stone,UP!,UP!,2024-04-05,1
597,97,DJ Flipcyide,Lyrical Legacy,Lyrical Legacy,2024-07-13,1
598,98,Kaliii,Great Hip Hop,Area Codes,2024-07-27,30
599,99,Turbo,Hip Hop 2024,Bachelor,2024-05-18,35
600,100,Kanii,Top Rap 2024,sins (let me in),2024-02-15,35
601,101,yeyts.,muwva,muwva,2024-02-09,4
602,102,Blu,abc,hip hop,2024-05-17,15
603,103,Blu,Royal Blu,The Royal,2024-02-09,8
604,104,JIM,"The Underground Uprising, Vol. 1",Surge,2024-06-07,7
605,105,GINGE,Playing Around,PooOoFf!,2024-09-13,13
606,106,Gucci Mane,Greatest Of All Trappers - Gangsta Grillz Edition,GOAT,2024-08-15,12
607,107,GINGE,Glucose,Glucose,2024-05-31,1
608,108,GINGE,Playing Around,Incapable,2024-09-13,13
609,109,GINGE,Playing Around,Rush,2024-09-13,13
610,110,FRANK MULLAH,HIP HOP CELEBRATION ACAPELLA AND HIP HOP SCRATCHES,HIP HOP CELEBRATION ACAPELLA AND HIP HOP SCRATCHES,2023-10-14,1
611,111,Dua Saleh,want,unruly,2024-07-10,2
612,112,NF,Best Rap 2023,HOPE,2023-10-05,30
613,113,Lil Uzi Vert,Hip Hop 2024,I Gotta,2024-05-18,35
614,114,NF,Most Streamed Rap Songs 2023,Lie,2023-10-17,35
615,115,Jelex,2025,2025,2024-09-20,1
616,116,Jack Harlow,Today's Hits 2024,Denver,2024-08-14,29
617,117,NLE Choppa,Hip Hop 2024,SLUT ME OUT 2,2024-05-18,35
618,118,Lance Redeker,bluff,bluff,2024-10-11,1
619,119,DJ Muggs,ROC STAR,Mooch Moses,2024-03-29,12
620,120,Lil Uzi Vert,Hip Hop 2024,Red Moon,2024-05-18,35
621,121,Blu,Out Of The Blue,LA 2020,2024-03-29,14
622,122,Son Of Saturn,Asuras,Asuras,2024-07-01,1
623,123,skaiwater,rain,rain,2024-02-16,1
624,124,LOCS,LUNAR,HOT TOPIC,2024-06-21,7
625,125,Pop Smoke,HYPE GAMING MIX,Element,2024-04-26,31
626,126,Justin Stone,WEATHERMAN,WEATHERMAN,2023-05-18,1
627,127,Jack Harlow,Hip Hop 2024,Lovin on Me,2024-05-18,35
628,128,Lil Baby,Summer Hip Hop Hits 2023,Drip Too Hard,2023-08-23,33
629,129,Blu,Royal Blu,L.A. Blue,2024-02-09,8
630,130,Moneybagg Yo,Most Streamed Rap Songs 2023,Time Today,2023-10-17,35
631,131,Tee Grizzley,Hip Hop 2024,Loop Hole (feat. 21 Savage),2024-05-18,35
632,132,Jack Harlow,TOP HITS 2024,Denver,2024-03-22,45
633,133,Offset,SET IT OFF,FINE AS CAN BE (feat. Latto),2023-10-13,21
634,134,Blu,Royal Blu,The Living God,2024-02-09,8
635,135,SALIMATA,Wooden Floors,BEWARE!,2024-02-26,11
636,136,Tee Grizzley,Best Hits 2024 - Popular Songs - Top Music,Swear to God (feat. Future),2024-05-29,50
637,137,Jack Harlow,TOP HITS 2024,Gang Gang Gang,2024-03-22,45
638,138,Tee Grizzley,Top Rap 2024,Loop Hole,2024-02-15,35
639,139,Lakeyah,Women of Hip Hop 2023,Female Goat,2023-03-29,49
640,140,Foxy Brown,Women of Hip Hop 2023,Big Bad Mama,2023-03-29,49
641,141,Gucci Mane,Hip Hop 2024,Glizock & Wizop (feat. Key Glock),2024-05-18,35
642,142,Don Toliver,Hip Hop 2024,Bandit,2024-05-18,35
643,143,Post Malone,Summer Hip Hop Hits 2023,Wow.,2023-08-23,33
644,144,Cardi B,Hip Hop 2024,Enough (Miami),2024-05-18,35
645,145,Juice WRLD,Most Streamed Rap Songs 2023,Robbery,2023-10-17,35
646,146,ayrtn,NAOMI,NAOMI,2024-03-22,1
647,147,Blu,Best Lyricist Underground (2007-2022),Jesus,2024-01-07,17
648,148,Don Toliver,TOP HITS 2024,Bandit,2024-03-22,45
649,149,GINGE,PooOoFf!,Glucose,2024-06-28,2
650,150,J-Live,Lose No Time,Lose No Time,2024-04-26,1
651,151,skaiwater,bleach,bleach,2024-05-10,1
652,152,GloRilla,Best Of 2023: Breakout Artists,Lick Or Sum,2023-11-29,20
653,153,NF,Most Streamed Rap Songs 2023,HOPE,2023-10-17,35
654,154,GloRilla,Best Rap 2023,Tomorrow 2,2023-10-05,30
655,155,Sole,Vault 1312,Patience,2024-04-26,15
656,156,DJ Muggs,Belly,Belly,2024-03-14,1
657,157,Sm!les,Hip Hop,Hip Hop,2024-04-29,1
658,158,A Boogie Wit da Hoodie,Hip Hop 2024,Steppas,2024-05-18,35
659,159,Don Toliver,Hip Hop 2024,Deep in the Water,2024-05-18,35
660,160,Rae Sremmurd,Hip Hop Hits 2023,This Could Be Us,2023-02-08,31
661,161,Sole,Vault 1312,False Field,2024-04-26,15
662,162,Adé Hakim,FLOWERS,FLOWERS,2024-08-09,1
663,163,Blu,abc,doe boy,2024-05-17,15
664,164,Cardi B,Latino Hits 2024,I Like It,2024-03-16,44
665,165,42 Dugg,Most Streamed Rap Songs 2023,Maybach,2023-10-17,35
666,166,Mustard,Hip Hop Hits 2023,Ballin’,2023-02-08,31
667,167,Lil Uzi Vert,Hip Hop 2024,Flooded the Face,2024-05-18,35
668,168,NF,Gaming Hits 2024,HOPE,2024-05-15,30
669,169,Quavo,Most Streamed Rap Songs 2023,HOTEL LOBBY (Unc & Phew),2023-10-17,35
670,170,Blu,abc,i love you,2024-05-17,15
671,171,Various Artists,HIPHOP ANTHEM 2023,HIPHOP ANTHEM 2023,2023-08-11,2
672,172,Blu,abc,green eyes,2024-05-17,15
673,173,NLE Choppa,Rap Songs 2024,Stickin and Movin,2024-05-28,44
674,174,Tee Grizzley,Hits 2024,Loop Hole,2024-01-19,45
675,175,Janelle Monáe,Top Rap 2024,Float,2024-02-15,35
676,176,NF,Gaming Hits 2024,MOTTO,2024-05-15,30
677,177,Ja Rule,Most Streamed Rap Songs 2023,Mesmerize,2023-10-17,35
678,178,Cardi B,Hip-Hop Party Bangers 2024,Bodak Yellow,2024-07-25,45
679,179,Diplox,Studious Hip-Hop,Element,2023-08-30,6
680,180,Gina Turner,NBA,NBA,2024-08-02,1
681,181,Tee Grizzley,Top 100 Songs of 2024,Swear to God (feat. Future),2024-07-27,100
682,182,NLE Choppa,Hip Hop 2024,PISTOL PACCIN,2024-05-18,35
683,183,2Rare,Hip Hop 2024,2Humpy is Back,2024-05-18,35
684,184,Rock-Solid,The Beast of Rap,Greatness,2024-01-11,10
685,185,Migos,Summer Hip Hop Hits 2023,T-Shirt,2023-08-23,33
686,186,J. Rawls,Efe,Efe,2024-07-05,1
687,187,Rae Sremmurd,Hip-Hop Mix,Swang,2023-07-13,21
688,188,Bktherula,Rap 2024 New Hot Hip Hop,CRAYON,2024-07-21,50
689,189,Lil Baby,Hip Hop Hits 2023,Drip Too Hard,2023-02-08,31
690,190,Blu,"Birdz N Beez, Pt. 2","Birdz N Beez, Pt. 2",2024-06-14,1
691,191,Don Toliver,TOP HITS 2024,Go Down,2024-03-22,45
692,192,Armani White,Hip Hop Hits 2023,BILLIE EILISH.,2023-02-08,31
693,193,Flowervillain,Special Flowers Volume 1,Bleeding Heart,2024-03-25,10
694,194,Conspirituality,Conspiritual Gangster,Conspiritual Gangster,2024-07-19,1
695,195,Kaliii,Hip Hop 2024,BOZO,2024-05-18,35
696,196,Lil Tecca,Gaming Hits 2024,Did It Again,2024-05-15,30
697,197,Bktherula,Hip Hop 2024,CRAYON,2024-05-18,35
698,198,Blu,abc,do u c,2024-05-17,15
699,199,OHGEESY,Hip Hop 2024,Yacht Master,2024-05-18,35
700,200,NLE Choppa,Hip Hop 2024,PISTOL PACCIN,2024-05-18,35
701,201,Kvsper,Vertigo,Vertigo,2024-10-07,1
702,202,Rock-Solid,The Beast of Rap,Greatness,2024-01-11,10
703,203,Migos,Summer Hip Hop Hits 2023,T-Shirt,2023-08-23,33
704,204,J. Rawls,Efe,Efe,2024-07-05,1
705,205,Bktherula,Rap 2024 New Hot Hip Hop,CRAYON,2024-07-21,50
706,206,Tank,Hip Hop 2024,Before We Get Started (feat. Fabolous),2024-05-18,35
707,207,Lil Baby,Hip Hop Hits 2023,Drip Too Hard,2023-02-08,31
708,208,Blu,"Birdz N Beez, Pt. 2","Birdz N Beez, Pt. 2",2024-06-14,1
709,209,Sole,Vault 1312,Land of Stolen Milk,2024-04-26,15
710,210,Armani White,Hip Hop Hits 2023,BILLIE EILISH.,2023-02-08,31
711,211,Real Hip Hop Is Over Here,Gems,Gems,2023-09-25,1
712,212,Trap Nation (US),Motto,Motto,2024-09-23,1
713,213,Conspirituality,Conspiritual Gangster,Conspiritual Gangster,2024-07-19,1
714,214,DaniLeigh,R&B Hits 2023,Bullshit,2023-05-30,20
715,215,Kaliii,Hip Hop 2024,BOZO,2024-05-18,35
716,216,Hip Hop Lofi,Genuine,Genuine,2024-07-09,10
717,217,Sole,Vault 1312,"Spirit Level 10,000",2024-04-26,15
718,218,J. Rawls,Fresco,Fresco,2024-06-10,1
719,219,Rae Khalil,CRYBABY,CRYBABY,2024-08-09,13
720,220,Cardi B,Hip Hop 2024,Like What (Freestyle),2024-05-18,35
721,221,Blu,abc,do u c,2024-05-17,15
722,222,OHGEESY,Hip Hop 2024,Yacht Master,2024-05-18,35
723,223,Hip Hub Cafe,Hip Hub Cafe,Autumn In November,2024-03-06,25
724,224,Gucci Mane,Top Rap 2024,Cold,2024-02-15,35
725,225,Marsha Ambrosius,Greedy,Greedy,2024-06-14,1
726,226,Group Home,Group Home,Hip Hop,2023-12-27,18
727,227,Armani White,The Best Songs of 2023,BILLIE EILISH.,2023-12-01,32
728,228,Saweetie,Hip Hop 2024,Richtivities,2024-05-18,35
729,229,Post Malone,Hip Hop Hits 2023,Cooped Up,2023-02-08,31
730,230,Hip Hop Lofi,Genuine,Actual,2024-07-09,10
731,231,Kevin Gates,Rap Songs 2024,Lil Yea,2024-05-28,44
732,232,Acclimate Hip Hop,Acclimation,GOTHAM,2024-07-19,14
733,233,Tee Grizzley,Rap Songs 2024,Swear to God (feat. Future),2024-05-28,44
734,234,Jack Harlow,Top Rap 2024,Lovin on Me,2024-02-15,35
735,235,Aka Saint Dior,Hip Hop Calligraphy,Hip Hop Calligraphy,2024-06-18,1
736,236,Finesse2tymes,Hip Hop 2024,Fat Boy (feat. Rick Ross),2024-05-18,35
737,237,Jason Derulo,Hip Hop 2024,Last Night,2024-05-18,35
738,238,Urbanlegends,HIP-HOP,Mistakes,2024-07-14,11
739,239,Hip-Oh!,moodright,moodright,2024-09-03,1
740,240,Juice WRLD,Hip Hop Hits 2023,Armed And Dangerous,2023-02-08,31
741,241,Baby Tate,Hip Hop 2024,Grip,2024-05-18,35
742,242,OHTORA,KURUMI,KURUMI,2024-08-30,1
743,243,DJ Muggs,Bang,Bang,2024-02-09,1
744,244,Turbo,Top Rap 2024,Bachelor,2024-02-15,35
745,245,Sueco,2023 Rock,POS,2024-06-01,38
746,246,Urbanlegends,HIP-HOP,Lick ×4,2024-07-14,11
747,247,Juice WRLD,Hip Hop Hits 2023,Robbery,2023-02-08,31
748,248,Lental,Hip Hop,Hip Hop,2024-03-29,14
749,249,Jaypitts,On My Mind,On My Mind,2024-04-26,1
750,250,DaBaby,Most Streamed Rap Songs 2023,ROCKSTAR,2023-10-17,35
751,251,Nicki Minaj,Hip Hop Hits 2023,Super Freaky Girl,2023-02-08,31
752,252,Playboi Carti,Hip Hop Hits 2023,Magnolia,2023-02-08,31
753,253,Royal & the Serpent,Indie Pop,Utopia,2024-02-03,50
754,254,Cordae,Chill Rap for Studying,Checkmate,2024-03-22,21
755,255,dkj,Hip Hop 2023,Aces,2024-06-01,29
756,256,Hip Hub Cafe,Hip Hub Cafe,Dark Nightmare,2024-03-06,25
757,257,DJ krush,Alternative Hip Hop (2024 Remastered),Party Time - 2024 Remastered,2020-03-19,3
758,258,Real Hip Hop Is Over Here,Really Real,Really Real,2023-11-02,1
759,259,Flowdan,Top Rap 2024,Pepper,2024-02-15,35
760,260,NLE Choppa,Rap 2024 New Hot Hip Hop,Stickin and Movin,2024-07-21,50
761,261,Jimothy Lacoste,Algorithm,Algorithm,2024-07-25,1
762,262,Gang Starr,Hip Hop Top Songs,Work,2023-08-04,46
763,263,Culture Clan,Lyrical Attack,Hip Hop,2024-03-29,15
764,264,Tee Grizzley,Rap Songs 2024,Loop Hole (feat. 21 Savage),2024-05-28,44
765,265,A Boogie Wit da Hoodie,Top Rap 2024,Did Me Wrong,2024-02-15,35
766,266,Hip Hip Thursday,Introduction (Get It),Introduction (Get It),2024-06-28,1
767,267,Gucci Mane,2024 - Rap Hits,Woppenheimer,2023-11-18,31
768,268,Gucci Mane,Rap Songs 2024,TakeDat,2024-05-28,44
769,269,Jack Harlow,RAP and HIP-HOP Hits,Tyler Herro,2023-08-11,45
770,270,Hendersin,Echo,Echo,2024-06-04,1
771,271,Jack Harlow,2024 - Rap Hits,Dua Lipa,2023-11-18,31
772,272,Joey Cool,Sweet,Sweet,2023-05-19,1
773,273,Lental,Hip Hop,An Introduction To Hip Hop,2024-03-29,14
774,274,LUM,Rap 2024 New Hot Hip Hop,Motions,2024-07-21,50
775,275,Lil Uzi Vert,Pop Hits 2023,Just Wanna Rock,2024-05-09,18
776,276,ForsakenHydra,Hip Hop,Hip Hop,2024-02-09,1
777,277,Acclimate Hip Hop,Acclimation,Choices,2024-07-19,14
778,278,Cardi B,Rap Songs 2024,Enough (Miami),2024-05-28,44
779,279,Blu,Sunday,Sunday,2024-02-11,1
780,280,Gucci Mane,Top Rap 2024,Glizock & Wizop,2024-02-15,35
781,281,Saweetie,Hip-Hop Party Bangers 2024,NANi,2024-07-25,45
782,282,Tee Grizzley,Top Rap 2024,The Sopranos - (feat. Machine Gun Kelly),2024-02-15,35
783,283,Gus Dapperton,New Music 2024,Lil Tune,2024-06-29,60
784,284,NLE Choppa,Top Pop New Music 2024,SLUT ME OUT 2,2024-06-07,55
785,285,NLE Choppa,Top Hip-Hop Hits,Camelot,2022-06-03,28
786,286,Parker,HIP-HOP,HIP HOP,2024-09-13,1
787,287,Kay The Aquanaut,New Physics,A.G.E.,2024-02-09,16
788,288,Lil Uzi Vert,Top Rap 2024,Red Moon,2024-02-15,35
789,289,Iggy Azalea,Women of Hip Hop 2023,Team,2023-03-29,49
790,290,Gus Dapperton,Top 100 Songs of 2024,Lil Tune,2024-07-27,100
791,291,Real Hip Hop Is Over Here,Spirit,Spirit,2023-11-05,1
792,292,Pop Smoke,Best Rap 2023,Dior,2023-10-05,30
793,293,Hip Hub Cafe,Hip Hub Cafe,Infamous Afternoon,2024-03-06,25
794,294,Blu,abc,compton watts,2024-05-17,15
795,295,#BeGr8 Beats,Gr8 Hip-Hop,Air,2024-08-31,35
796,296,Visionaries,Sketches,GIVE & TAKE,2024-08-17,13
797,297,Don Toliver,Top Hits - 2024,Bandit,2024-03-19,20
798,298,Gus Dapperton,2024 Pop Songs,Lil Tune,2024-05-25,50
799,299,DaBaby,Hip Hop Hits 2023,ROCKSTAR,2023-02-08,31
800,300,Finesse2tymes,Top Rap 2024,Fat Boy - (feat. Rick Ross),2024-02-15,35
801,301,Trizz,Trizz's Hidden Gems,Trigger Nometry,2024-03-22,14
802,302,NF,GO HARD Football Pregame 2024,Grindin',2024-08-19,30
803,303,Gucci Mane,Rap 2024 New Hot Hip Hop,TakeDat,2024-07-21,50
804,304,Kenny Mason,9,FEEL IT,2024-03-13,9
805,305,Blu,abc,beeper buddy,2024-05-17,15
806,306,Luh Tyler,Hip Hop 2024,Bad Bitch,2024-05-18,35
807,307,Hip Hub Cafe,Hip Hub Cafe,Covet Wings,2024-03-06,25
808,308,Lil Uzi Vert,2024 - Rap Hits,Endless Fashion (feat. Nicki Minaj),2023-11-18,31
809,309,Shordie Shordie,Top Rap 2024,Contacts,2024-02-15,35
810,310,Don Toliver,Top 100 Songs of 2024,Bandit,2024-07-27,100
811,311,Gus Dapperton,alternative hits 2024,Lil Tune,2024-07-28,40
812,312,Quavo,Hip Hop Hits 2023,HOTEL LOBBY (Unc & Phew),2023-02-08,31
813,313,Roddy Ricch,2024 - Rap Hits,Ghetto Superstar,2023-11-18,31
814,314,Gus Dapperton,Today's Alternative,Lil Tune,2024-04-11,40
815,315,Hip Hub Cafe,Hip Hub Cafe,November Blue,2024-03-06,25
816,316,Lil Uzi Vert,Rap Trends 2024,Red Moon,2024-01-31,30
817,317,Cardi B,Rap 2024 New Hot Hip Hop,Enough (Miami),2024-07-21,50
818,318,smart sartre,Immortal Love (Hip Hop),Immortal Love (Hip Hop),2024-10-04,1
819,319,Hip Hub Cafe,Hip Hub Cafe,Fragile Cafe,2024-03-06,25
820,320,GlauzerALI,Hip-Hop,Hip-Hop,2024-09-10,1
821,321,Lil Uzi Vert,Top Hip-Hop Hits,Top,2022-06-03,28
822,322,Royal & the Serpent,Alt Nation,Utopia,2024-06-01,41
823,323,Roderick Porter,2024 - Rap Hits,OVER AGAIN,2023-11-18,31
824,324,Tierra Whack,Women of Hip Hop 2023,Hungry Hippo,2023-03-29,49
825,325,Emma Lee M.C.,Chocolate Bars,HHLU2 (Hip-Hop Loves You Too),2024-10-04,14
826,326,Tee Grizzley,New Music 2024,Swear to God (feat. Future),2024-06-29,60
827,327,Jack Harlow,Rap Songs 2024,Lovin on Me,2024-05-28,44
828,328,Ravyn Lenae,2024 Classroom Pop,Genius,2024-08-28,29
829,329,Roddy Ricch,Rap 2024 New Hot Hip Hop,Survivor’s Remorse,2024-07-21,50
830,330,Pop hip-hop pop music,Hip-Hop NEW,Watermelon Moonshine,2023-10-12,10
831,331,Gus Dapperton,Best Hits 2024 - Popular Songs - Top Music,Lil Tune,2024-05-29,50
832,332,Kaliii,Rap 2024 New Hot Hip Hop,Gas You Up (feat. Hunxho),2024-07-21,50
833,333,Baby Tate,Top Tracks Rap,Grip,2024-05-25,35
834,334,Pop Smoke,Hip Hop Hits 2023,Dior,2023-02-08,31
835,335,Hip Hub Cafe,Hip Hub Cafe,The Best Inspiration,2024-03-06,25
836,336,Hip Hub Cafe,Hip Hub Cafe,Last Experience,2024-03-06,25
837,337,Lil Baby,Hip Hop Hits 2023,Freestyle,2023-02-08,31
838,338,Sett,Top Rap 2024,CBFW,2024-02-15,35
839,339,Caserta,Hip Hop / g'Head,Hip Hop - Rap Mix,2023-11-24,4
840,340,Jack Harlow,Top Tracks Pop,Lovin on Me,2024-05-25,55
841,341,Toeknee,TWO COLOURS,HIP HOP,2024-05-31,15
842,342,Jazzy Hip Hop Lounge,Game Together,Hot Spotlight,2024-07-15,50
843,343,Blu,abc,girls,2024-05-17,15
844,344,Sonny Digital,Top Rap 2024,WAKENBAKE,2024-02-15,35
845,345,LUM,2024 - Rap Hits,Temptation,2023-11-18,31
846,346,Tee Grizzley,Rap 2024 New Hot Hip Hop,Swear to God (feat. Future),2024-07-21,50
847,347,A Boogie Wit da Hoodie,Future Hip Hop,Booby Trap,2024-04-12,25
848,348,GurtyBeats,Jib Hop,Jib Hop,2024-04-25,1
849,349,Lil Jon,Rap Workout 2023,Alive,2023-08-24,32
850,350,Upgrade HipHop,Seasonal Obsession,Hypocrite,2024-05-02,10
851,351,Migos,Summer Hip Hop Hits 2023,Stir Fry,2023-08-23,33
852,352,Roddy Ricch,Hip Hop for Gaming,911,2024-08-01,30
853,353,NLE Choppa,Hits 2024,Shotta Flow 7,2024-01-19,45
854,354,POP,Hip-Hop NEW,Greedy,2023-10-12,10
855,355,O.T. Genasis,10s Best Rap,Coco,2024-04-18,50
856,356,Billy Dean Thomas,Valentine,Valentine,2024-02-14,1
857,357,Mzuki,Blue Moon,Blue Moon,2024-08-16,1
858,358,Ravyn Lenae,Hits 2024 - Top Tracks,Dream Girl,2024-07-19,60
859,359,Honey Bxby,Top Rap 2024,Touchin',2024-02-15,35
860,360,R+R=NOW,Hip-Hop 50: Jazz x Hip-Hop,Awake To You,2023-09-13,27
861,361,Luh Tyler,2024 - Rap Hits,Rapper of the Year,2023-11-18,31
862,362,Kevin Gates,2024 - Rap Hits,God Slippers,2023-11-18,31
863,363,Flyana Boss,Top Rap 2024,UFHO,2024-02-15,35
864,364,Metro Boomin,R&B Hits 2023,Creepin',2023-05-30,20
865,365,Zero14,Hip Hop,Hip Hop,2024-07-30,1
866,366,Lental,Hip Hop,Go Away,2024-03-29,14
867,367,Big Scarr,Rap Songs 2024,Bulletproof (feat. NLE Choppa),2024-05-28,44
868,368,Gia Gray,ENERGY,ENERGY,2024-02-14,1
869,369,Kevin Gates,Hip Hop Rap,God Slippers,2024-06-12,74
870,370,Baby Tate,Rap 2024 New Hot Hip Hop,Grip (Challenge Remix) [feat. Charisse Sky],2024-07-21,50
871,371,Cardi B,Top Hits - 2024,Like What (Freestyle),2024-03-19,20
872,372,Yeletez,hiphop triple stop,hiphop triple stop,2024-08-20,1
873,373,Michelangelo of Hip Hop,Omen Coloured Lipstick,Omen Coloured Lipstick,2024-04-30,3
874,374,2024 Hottest Songs,Hottest Songs Mix Up,Oversea Beat And Rap,2024-01-25,5
875,375,Ravyn Lenae,Top Tracks Pop,Love Me Not,2024-05-25,55
876,376,Hometown Hip-Hop,New York,Manhattan,2024-09-08,30
877,377,plainfacedgirl,Hip Hop High,Like This,2024-01-12,6
878,378,Tee Grizzley,Top Tracks 100 Hot Hits,Loop Hole (feat. 21 Savage),2024-08-03,100
879,379,Johnny Yukon,Top Tracks Pop,MADNESS!,2024-05-25,55
880,380,Hip Hop Is Dead,Pick Up the Pace,Pick Up the Pace,2024-10-05,1
881,381,Deaf by Hip-Hop,The Return,Return,2024-08-05,2
882,382,Juice WRLD,Hip Hop Hits 2023,Lucid Dreams,2023-02-08,31
883,383,Roddy Ricch,Hip-Hop Party Bangers 2024,911,2024-07-25,45
884,384,Signature Tracks,Hip Hop,The One And Only,2024-09-06,38
885,385,Tee Grizzley,Hip-Hop Party Bangers 2024,Loop Hole (feat. 21 Savage),2024-07-25,45
886,386,Figero Scripp,Hip Hop Pop,On My Own,2024-02-08,10
887,387,Lil Baby,Most Streamed Rap Songs 2023,Drip Too Hard,2023-10-17,35
888,388,Acclimate Hip Hop,Acclimation,Fill Up,2024-07-19,14
889,389,Metro Boomin,Best Rap 2023,Creepin',2023-10-05,30
890,390,Shoreline Mafia,Rap 2024 New Hot Hip Hop,HEAT STICK,2024-07-21,50
891,391,Johnny Yukon,Top 100 Songs of 2024,MADNESS!,2024-07-27,100
892,392,Tee Grizzley,100 Best Rap Songs of the 2010s & 2020s,Swear to God (feat. Future),2024-06-19,100
893,393,Moment in Color,Hip Hop Hope Pt.4,Hip Hop Hope Pt.4,2024-10-08,1
894,394,Finesse2tymes,Rap 2024 New Hot Hip Hop,Mixed Feelings,2024-07-21,50
895,395,Cardi B,Top 100 Songs of 2024,Enough (Miami),2024-07-27,100
896,396,Lil Uzi Vert,Top Rap 2024,Flooded the Face,2024-02-15,35
897,397,Cardi B,Best Songs of 2024,Like What (Freestyle),2024-05-09,21
898,398,NLE Choppa,music 2024,SLUT ME OUT 2,2024-05-15,50
899,399,Gus Dapperton,Top Songs 2024,Lil Tune,2024-05-18,50
900,400,Flyana Boss,Top Pop New Music 2024,yeaaa,2024-06-07,55
901,401,HIP-ON,Timeline (feat. Unknown),Vacation (feat. Unknown),2024-10-10,4
902,402,Denzel Curry,Gen Z Hip-Hop,Ultimate,2023-08-07,16
903,403,Don Toliver,Top Pop New Music 2024,Attitude (feat. Charlie Wilson & Cash Cobain),2024-06-07,55
904,404,Gdaedae,R&B,R&B,2024-01-31,1
905,405,Gazelle Hunter,Alt Hip Hop 2,Hope to Meet Your Maker,2023-02-28,9
906,406,Baby Tate,Top Rap 2024,Lollipop,2024-02-15,35
907,407,Doctor Flake,Colors,Birds,2024-04-19,12
908,408,Cardi B,Top Hip-Hop 2022,I Like It,2022-08-05,25
909,409,Turbo,Rap Songs 2024,Bachelor,2024-05-28,44
910,410,DXR,HIP-HOP AS AN EXPRESSION OF FRIENDSHIP,FEVER DREAM,2024-03-08,10
911,411,Veeze,Rap 2024 New Hot Hip Hop,Get Lucki,2024-07-21,50
912,412,Cardi B,Top Pop New Music 2024,Like What (Freestyle),2024-06-07,55
913,413,Gucci Mane,Rap 2024,Cold,2023-12-23,35
914,414,Dooley-O,The Double O,Hip Hop,2023-01-19,8
915,415,Lo Fi Hip Hop,Pure Future,Gang,2024-10-05,60
916,416,Unknown Artist,R&B vs D&B,Breathe,2024-04-01,4
917,417,Cardi B,Rap Songs 2024,Like What (Freestyle),2024-05-28,44
918,418,Quavo,Best Rap 2023,HOTEL LOBBY (Unc & Phew),2023-10-05,30
919,419,Don Toliver,Rap 2024 New Hot Hip Hop,Deep in the Water,2024-07-21,50
920,420,Kehlani,hip hop for work,Tears (feat. Omah Lay),2024-07-14,45
921,421,Khafre Jay,Critical Race Hip Hop,Killing Us Now,2024-06-19,12
922,422,Electronic Heores,Chaos Symphony,Genres Hiphop Drill (D9C62A24816D4Bf5A035B1Ac8D009B01),2024-04-22,9
923,423,NLE Choppa,Hip Hop 20s,Stickin and Movin,2024-07-19,26
924,424,Christopher V green,The State of Hip hop,The State of Hip hop,2023-12-29,1
925,425,Don Toliver,Best Songs of 2024,Bandit,2024-05-09,21
926,426,J. Rawls,Criminal Blinded,G Rap,2023-12-15,7
927,427,Hip Hop Saves Lives,Ability,Ability,2024-08-05,1
928,428,Lo Fi Hip Hop,Stone Beats,Cubana,2024-10-10,25
929,429,Signature Tracks,Hip Hop,All Planned By The Divine,2024-09-06,38
930,430,Lil Baby,Trending 2023,Drip Too Hard,2022-11-02,29
931,431,Tony Mitchell,50 Years of Hip Hop Vol. 1,Spell My Name,2024-05-22,20
932,432,Lupe Fiasco,Black Music Hits,"Kick, Push",2024-06-14,25
933,433,Serengeti,afro2004,afro2004,2023-01-20,1
934,434,Instrumental Hip Hop Beats Gang,Hip Hop Energy,Mathematics Mix,2024-08-05,50
935,435,Turbo,Viral Hip-Hop,Bachelor,2024-01-01,29
936,436,NLE Choppa,Top 20's 100 Greatest,SLUT ME OUT,2024-10-07,100
937,437,Desiigner,Most Streamed Rap Songs 2023,Panda,2023-10-17,35
938,438,Sueco,Area Codes Top Hits,POS,2024-05-18,69
939,439,Cordae,HITS HITS HITS - 2024,Make Up Your Mind,2024-05-22,53
940,440,Foxy Brown,Women of Hip Hop 2023,Candy,2023-03-29,49
941,441,Kaliii,Top Hits Pop,K Toven,2024-05-16,68
942,442,Greatest Hits 2023,Best Music Hits Of 2023,Top Hits,2023-08-10,11
943,443,Janelle Monáe,2024 - Rap Hits,Champagne Shit - Remix,2023-11-18,31
944,444,Missy Elliott,Road Trip Hip Hop,Get Ur Freak On,2024-01-20,50
945,445,Gunna,Hip Hop Rap,Top Off,2024-06-12,74
946,446,Quavo,Mix: Las Más Sonadas del 2023,HOTEL LOBBY (Unc & Phew),2023-10-13,30
947,447,D4L,Road Trip Hip Hop,Laffy Taffy,2024-01-20,50
948,448,Kodak Black,Hip-Hop Hits 2023,Love & War,2023-07-21,19
949,449,Bigger Story Music,Hip Hop Bangers,No Passes,2024-01-19,16
950,450,Creed Tha Kid,Rap 2024 New Hot Hip Hop,Rule Together,2024-07-21,50
951,451,Snoop Dogg,Hip Hop Top Songs,Beautiful,2023-08-04,46
952,452,Kodak Black,Hip Hop Hits Now,Super Gremlin,2023-06-30,25
953,453,Hip Hop Instrumentals,Hip Hop Instrumentals,Metro Groove,2024-07-18,40
954,454,DaBaby,Hip Hop Top Songs,ROCKSTAR,2023-08-04,46
955,455,Don Toliver,Top 100 Songs of 2024,BROTHER STONE (FEAT. KODAK BLACK),2024-07-27,100
956,456,Signature Tracks,Hip Hop,All By Myself,2024-09-06,38
957,457,Cardi B,Rap 2024 New Hot Hip Hop,Like What (Freestyle),2024-07-21,50
958,458,Lil Keed,Hip Hop Hits Now,Snake,2023-06-30,25
959,459,Upgrade HipHop,"People Change, So Do My Meds",Average,2023-11-22,13
960,460,Veeze,Rap 2024 New Hot Hip Hop,Pop Yo Shit,2024-07-21,50
961,461,Pooh Shiesty,Rap 2024 New Hot Hip Hop,Making a Mess (feat. BIG30 & Veeze),2024-07-21,50
962,462,Baby Tate,Top Rap 2024,Jersey,2024-02-15,35
963,463,Kodak Black,New Rap HITS 2023,MoshPit,2023-07-21,34
964,464,Le Druss,Hip-Hop,Hip-Hop - Radio Edit,2024-10-04,1
965,465,Maine the Medicine,The Cloth,"Hip Hop, Wrestling,and Kung Fu",2023-12-20,15
966,466,Mike Shinoda,Best Hot Tracks June 2024,Already Over,2024-07-19,50
967,467,Lo Fi Hip Hop,Pure Future,Gears,2024-10-05,60
968,468,Doctor Flake,Colors,Volcano,2024-04-19,12
969,469,Khafre Jay,Critical Race Hip Hop,No Seconds,2024-06-19,12
970,470,Tee Grizzley,Rap Trends 2024,Loop Hole,2024-01-31,30
971,471,Lil Uzi Vert,Hip-Hop Pool Party 2023,Endless Fashion,2023-08-04,27
972,472,Sueco,Rock 2024,Help Me,2024-06-01,39
973,473,Gus Dapperton,Pop Just Nu,Lil Tune,2024-04-16,45
974,474,Sole,Vault 1312,Land of Stolen Milk,2024-04-26,15
975,475,Dilly-Yo!,Letters from the 21st Century (Deluxe Edition),British Hip Hopper,2024-06-28,20
976,476,Ravyn Lenae,Bangers of Pop,Genius,2024-08-24,50
977,477,Don Toliver,Top Hits 2024,Bandit,2024-05-09,38
978,478,Natethoven,Hip Hop Rockstar,Hip Hop Rockstar,2024-01-12,1
979,479,Linkin Park,Top Pop New Music 2024,Friendly Fire,2024-06-07,55
980,480,Nicki Minaj,Best Rap 2023,Super Freaky Girl,2023-10-05,30
981,481,Metatext,The Hip Hop Gangster,The Hip Hop Gangster,2024-02-23,1
982,482,Ricky Derose,Hip-Hop Is More Than That,Hip-Hop Is More Than That,2024-07-20,1
983,483,DaBaby,Hip Hop Hits Vol.10,OFF THE RIP,2023-08-18,26
984,484,Doctor Flake,Colors,Market scene,2024-04-19,12
985,485,Instrumental Hip Hop Beats Gang,Hip Hop Energy,Language Class,2024-08-05,50
986,486,Lil Uzi Vert,Best of 2023 - GREATEST HITS,Just Wanna Rock,2024-05-09,28
987,487,Aminé,Mix de Rap,REEL IT IN,2023-08-11,26
988,488,Khafre Jay,Critical Race Hip Hop,HU,2024-06-19,12
989,489,Tee Grizzley,2024 - Rap Hits & Newcomers,Loop Hole - (feat. 21 Savage),2024-04-18,37
990,490,XXXTENTACION,Hip Hop Hits 2023,Moonlight,2023-02-08,31
991,491,Dark Hip-Hop,Maps of Humans,Night in London,2024-07-19,7
992,492,Dark Hip-Hop,Maps of Humans,Forest Paths,2024-07-19,7
993,493,Acclimate Hip Hop,Acclimation,Breather - Remastered,2024-07-19,14
994,494,Ravyn Lenae,pop hits galore,Dream Girl,2024-07-14,60
995,495,Don Toliver,Hits 2024 - Top Tracks,BROTHER STONE (FEAT. KODAK BLACK),2024-07-19,60
996,496,Finesse2tymes,Rap 2024 New Hot Hip Hop,Letter to the Devil,2024-07-21,50
997,497,Lo Fi Hip Hop,Stone Beats,Hyra,2024-10-10,25
998,498,Tee Grizzley,Best of 2024 - Rap,Loop Hole (feat. 21 Savage),2024-09-20,40
999,499,Gus Dapperton,new songs 2024,Lil Tune,2024-05-25,50
