,Artista,Album,Cancion,A√±o Lanzamiento,Total tracks
0,Ozuna,Nibiru,Baila Baila Baila,2019-11-29,18
1,Gente De Zona,Muchacha,Muchacha,2020-04-23,1
2,¬øT√©o?,¬°BANG BANG!,DURO,2024-07-26,2
3,Luis Fonsi,B√©same,B√©same,2021-06-04,1
4,¬øT√©o?,Sol,Buena,2021-06-11,12
5,Gente De Zona,De Menor a Mayor,Muchacha,2022-04-08,11
6,Gente De Zona,Feliz,Feliz,2023-08-30,1
7,Chuwi,Tierra,Mundi,2024-03-23,5
8,¬øT√©o?,Luna,A Mi Cama,2023-08-18,12
9,Luis Fonsi,Ley De Gravedad,B√©same,2022-03-11,16
10,Mayani Swave,Playlist,Playlist,2023-12-08,1
11,Ozuna,Cosmo,La 65,2023-11-17,15
12,Chuwi,Pan,Uwu,2022-10-28,4
13,Ozuna,Nibiru,Danzau,2019-11-29,18
14,Mima,El arca de Mima,El arca de Mima,2021-06-13,1
15,La Banda Algarete,"Algaretetime , Algaretetime",Algaretetime,2012-01-21,8
16,Gente De Zona,De Menor a Mayor,Ella,2022-04-08,11
17,Okan,Okantomi,Okantomi,2023-11-08,9
18,Danny Ocean,Latino Hits 2024,AMOR,2024-03-16,44
19,Luna Luna,L.L.,La Calma,2023-09-29,6
20,Danny Ocean,Latino Hits 2024,Brisa,2024-03-16,44
21,KAROL G,ODISEA,ODISEA,2021-03-25,1
22,Los Petardos!,Can-Can,Azul,2023-06-30,7
23,Elsa y Elmar,VISTO,VISTO,2024-06-07,3
24,Seba Otero,Salitre,Salitre,2022-11-04,8
25,Black Guayaba,La F√°brica de Sue√±os,V√°mono',2024-05-24,7
26,Sof√≠a Reyes,Latino Hits 2024,tqum,2024-03-16,44
27,Black Guayaba,La F√°brica de Sue√±os,Sue√±o Contigo,2024-05-24,7
28,Los Inconformes,Culpa,Culpa,2023-10-31,1
29,iLe,Almadura,De Luna,2019-05-10,12
30,Bebo Dumont,Ninguna,Ninguna,2023-11-22,1
31,Ximena Sari√±ana,Latino Hits 2024,¬øQu√© tiene?,2024-03-16,44
32,Young Miko,Mix: Lo Mejor de la M√∫sica Latina 2023,Lisa,2023-10-20,30
33,Labajura,Terrazza,Terrazza,2024-08-29,1
34,SOG,Latino Hits 2024,P√≥rtate mal,2024-03-16,44
35,S√≠ Se√±or,Like Divas,El Amor,2024-09-27,6
36,Mima,Mima,Mima,2005-06-05,10
37,Lucrecia Dalt,¬°Ay!,Atemporal,2022-10-14,10
38,Piso 21,Latino Hits 2024,Sueltas,2024-03-16,44
39,KAROL G,Summer Latino 2022,PROVENZA,2022-05-06,28
40,Mima,Mima,Cae,2005-06-05,10
41,Lenny Tav√°rez,Latino Hits 2024,EMPELOTICA,2024-03-16,44
42,Chuwi,Tiroteo,Tiroteo,2021-04-07,1
43,Black Guayaba,La F√°brica de Sue√±os,Hacia el Futuro,2024-05-24,7
44,Hermes Croatto,A Tinti,A Tinti,2023-01-26,1
45,Tei Shi,La Linda,No Juegues,2019-11-15,10
46,Mima,Mima,Mon√≠n,2005-06-05,10
47,Saso,TIGRE,TIGRE,2023-08-25,1
48,√åF√â,0000+0000,Heart Full of Love,2021-11-05,11
49,Yandel,Latino Hits 2024,Borracho y loco,2024-03-16,44
50,Bacilos,Latino Hits 2024,Caraluna,2024-03-16,44
51,Davila 666,Secretos,Secretos,2023-11-02,6
52,La L√°,DEBUT,Suave amor,2023-09-22,7
53,Belinda,Latino Hits 2024,Cactus,2024-03-16,44
54,Mula,Mar,Mar,2024-09-27,1
55,Mint Field,Aprender a Ser: Extended,Ve hacia la ventana,2024-08-30,7
56,Anitta,Latino Hits 2024,El que espera,2024-03-16,44
57,Mint Field,Aprender a Ser,El Suspiro Cambia Todo,2023-10-27,10
58,Mario Bautista,Latino Hits 2024,An√≥nimo,2024-03-16,44
59,Elena Rose,Latino Hits 2024,Disculpa amiga,2024-03-16,44
60,LAGOS,Latino Hits 2024,Blanco y negro,2024-03-16,44
61,Bang Data,Mucho Poco,Bailazo,2014-10-14,10
62,B-Side Players,Movement,Baila,2001-09-11,11
63,Mit√∫,Astra,Yodo,2023-04-26,10
64,Marc Segu√≠,Viva Latinos,Tiroteo - Remix,2023-10-03,34
65,Zion & Lennox,Mega Hits Latinos,Otra vez,2024-01-30,30
66,Chuwi,Goldo,Chancleta,2020-05-17,3
67,J Balvin,M√∫sica Variada y de todo,Ginza,2021-05-28,34
68,iZaak,Top Hits Latinos 2023,Juqueando,2023-12-16,50
69,Feid,Hits del 2023,CLASSY 101,2023-12-22,25
70,Kali Uchis,Mix: Las M√°s Sonadas del 2023,Moonlight,2023-10-13,30
71,Lp Certified,Latina Lover,Latina Lover,2024-07-04,1
72,Kali Uchis,Lo mas copado del 2023,Moonlight,2023-12-16,32
73,Sebastian Yatra,Top Canciones LATAM,VAGABUNDO,2023-09-01,30
74,Chris Jedi,Mix: Lo Mejor de la M√∫sica Latina 2023,La Llevo Al Cielo,2023-10-20,30
75,B-Side Players,Feed Your Spirit,La Vida es un SuenÃÉo,2003-07-22,14
76,Mint Field,Aprender a Ser,Nuevo Sol,2023-10-27,10
77,Tiago PZK,Latino Hits 2024,Me enter√©,2024-03-16,44
78,Skillbea,Ouke,Ouke,2023-10-06,1
79,Mint Field,Sensibilidad dormida,Sensibilidad dormida,2024-07-24,3
80,Zion & Lennox,TikTok Hits 2022,Otra vez,2022-02-11,49
81,Sebimor,Huella,Huella,2023-10-06,1
82,Yng Lvcas,Latino Hits 2024,Divi√©rtete,2024-03-16,44
83,Siete Catorce,Cruda,Cheve,2022-04-26,9
84,Buyepongo,Sueltan Fuego,Sueltan Fuego,2017-09-22,1
85,Buyepongo,T√∫mbalo,Musica Alegre,2017-11-10,6
86,De La Ghetto,Latino Hits 2024,La f√≥rmula,2024-03-16,44
87,Feid,Top Latin Hits 2023,FERXXO 30,2023-12-16,20
88,Sebastian Yatra,Top Latin Hits 2023,Energ√≠a Bacana,2023-12-16,20
89,√âmina,Kingky,Kingky,2019-04-23,1
90,Zuaraz,Bugambilia,Gea,2021-01-21,7
91,Bal√∫n,Prisma Tropical,AnÃÉos AtraÃÅs,2018-07-20,16
92,Feid,Hits 2023: Reggaet√≥n,BUBALU,2023-11-10,25
93,Nicole Zignago,Pop Latino 2024,mimos,2024-07-12,50
94,Maluma,Latin Hits 2010's,11 PM,2023-06-02,22
95,J Balvin,Hits 2020,QUE PRETENDES,2020-10-23,46
96,Feid,Mix: Lo Mejor de la M√∫sica Latina 2023,Ni√±a Bonita,2023-10-20,30
97,Feid,Hits 2023: Reggaet√≥n,CLASSY 101,2023-11-10,25
98,Monttenegro,Happiness,Happiness,2024-04-25,1
99,Ovy On The Drums,Latino Hits 2024,GANGSTER (PQFNEDG),2024-03-16,44
100,Red Tiger,O.T.S.W.S.,O.T.S.W.S.,2024-08-30,1
101,Maluma,Latin Hits 2010's,11 PM,2023-06-02,22
102,Gustavo Voz Perdida,"Latino Caliente 2024 - 24 Reggaeton, Latin Pop and Latin House Smash Hits",MILFA,2024-09-13,24
103,Feid,Mix: Lo Mejor de la M√∫sica Latina 2023,Ni√±a Bonita,2023-10-20,30
104,Feid,Hits 2023: Reggaet√≥n,CLASSY 101,2023-11-10,25
105,Monttenegro,Happiness,Happiness,2024-04-25,1
106,Ovy On The Drums,Latino Hits 2024,GANGSTER (PQFNEDG),2024-03-16,44
107,Fusion Latina,The Latin Music Hub 2023,The Latin Music Hub 2023,2023-07-28,1
108,RBD,Best Latino Ballads,S√°lvame,2023-12-04,25
109,Circo,Auu,Auu,2022-12-22,1
110,Feid,Mix: Lo Mejor de la M√∫sica Latina 2023,ROM√ÅNTICOS DE LUNES,2023-10-20,30
111,Jarina De Marco,Bilingual,Bilingual,2018-08-07,1
112,Ozomatli,Place In The Sun,Ready To Go,2014-01-01,10
113,Kaida,Musica Latina,Musica Latina - Radio Edit,2024-03-20,2
114,Mit√∫,Astra,Ilumina,2023-04-26,10
115,Circo,Noviembre,Noviembre,2022-11-25,1
116,Pachyman,Sale el Sol,Sale el Sol,2023-09-25,3
117,Nacho,UNO,Doble Play,2019-10-25,21
118,Milos,Serendipia,La Carrera,2024-09-13,6
119,Myke Towers,music 2024,ADIVINO,2024-05-15,50
120,Gina Chavez,Up.Rooted,Siete-D,2014-02-11,11
121,Jarina De Marco,Caribbean All-Inclusive Luxury,Fuego Lento,2023-09-05,9
122,Arema Arega,Dreamland,Dreamland,2024-09-27,4
123,Kim Loaiza,Latino Hits 2024,Mal hombre,2024-03-16,44
124,J Balvin,Today's Top Latin Hits,Dientes,2023-10-10,25
125,NIKOLA,L√†tigo,L√†tigo,2023-08-18,1
126,SAN CHA,Desesperada,Desesperada,2018-06-29,1
127,Maria Becerra,Latino Hits 2024,PRIMER AVISO,2024-03-16,44
128,RATAS,Divina,Divina,2023-11-03,1
129,Migrant Motel,QUEROSENO,QUEROSENO,2024-07-26,1
130,Ela Taubert,Top Latin Hits 2023,¬øY Si Eras T√∫?,2023-12-16,20
131,Valentina,lunares,lunares,2022-06-30,1
132,Mit√∫,Cosmus,Suave,2017-08-25,11
133,Bal√∫n,Prisma Tropical,VaiveÃÅn,2018-07-20,16
134,Danny Ocean,Latin Hits 2022,Me reh√∫so,2022-04-22,10
135,Briela Ojeda,TEMPLO KOMODO,Luna Munay,2021-02-19,8
136,Sebastian Yatra,Today's Top Latin Hits,Energ√≠a Bacana,2023-10-10,25
137,Bang Data,Mucho Poco,Candela,2014-10-14,10
138,Feid,Top Latin Hits 2023,CLASSY 101,2023-12-16,20
139,Feid,Today's Top Latin Hits,CLASSY 101,2023-10-10,25
140,Mit√∫,Cosmus,Coctel,2017-08-25,11
141,Bella Poarch,Latino Hits 2024,Bad Boy! - feat. Kenia OS,2024-03-16,44
142,Polbo,Polbo,Dile A Raquel,2005-01-01,11
143,Feid,Top Latin Hits 2023,Ni√±a Bonita,2023-12-16,20
144,Mit√∫,Yodo,Yodo,2023-03-15,1
145,KAROL G,Top Latin Songs 2022,GAT√öBELA,2022-10-04,30
146,B-Side Players,Fire In The Youth,Alegria,2007-01-01,11
147,Ozomatli,Ozomatli Presents Ozokidz,Pira√±a,2012-09-25,14
148,Feid,Top Latin Hits 2023,BUBALU,2023-12-16,20
149,La R,La Recompensa,Ah√≠,2018-10-18,11
150,Mint Field,Una flor sin interior,Una flor sin interior,2024-06-26,2
151,Bal√∫n,Prisma Tropical,Ausente,2018-07-20,16
152,Indigo,Mundo a Color,Tiempo Inmortal,2017-01-09,13
153,Jayby,"Latin Hits 2017 Club Edition (50 Latin Music Hits - Reggaeton, Urban, Salsa, Bachata, Dembow, Merengue, Timba, Cubaton, Kuduro, Latin Fitness)",Delete - with Divan,2017-01-27,50
154,Selena Gomez,Falling In Love with my Best Friend | Music therapy2023,Baila Conmigo,2023-08-07,28
155,Von Galo,Till Dawn,Till Dawn,2024-06-14,1
156,Ozomatli,Coming Up,Pensando En Mi Vida,2003-01-01,6
157,Sebastian Yatra,Top Latin Viral Hits 2023,VAGABUNDO,2023-12-16,20
158,Bal√∫n,Olas y Arenas,Olas y Arenas,2023-04-12,1
159,Ozomatli,Ozomatli Presents Ozokidz,Changito,2012-09-25,14
160,The Romy,Best of Latin Hits 2021,Rapido,2021-12-03,24
161,Sebastian Yatra,Los Hits Latinos del 2021,Tacones Rojos,2021-12-10,25
162,Circo,Cursi,La Copa,2007,11
163,La R,La Recompensa,No Hay Que Ser Bonito,2018-10-18,11
164,√â Arenas,LA,Takis,2023-06-30,2
165,Suite Paranoia,Calma,Calma,2024-09-13,1
166,J Balvin,Top Latin Songs 2022,Sigue,2022-10-04,30
167,Ozomatli,Place In The Sun,Echale Grito,2014-01-01,10
168,La R,La Recompensa,El Dilema,2018-10-18,11
169,LAGOS,LAGOS - Blanco,Julia,2024-01-28,6
170,Kinky,Atlas (Remastered),Snapshot - Remastered,2003-11-18,12
171,Ela Taubert,Today's Top Latin Hits,¬øY Si Eras T√∫?,2023-10-10,25
172,Christian Nodal,Top Latin Hits 2019,No Te Contaron Mal,2019-08-09,26
173,Will Kano,Latina,Latina,2024-01-26,1
174,Fof√© Y Los Fetiches,La Juventud,Aguj√≥n,2016-09-09,12
175,Milos,La Expectativa,La Expectativa,2024-08-23,1
176,Ni√±a ,Limbo,Limbo,2024-10-04,1
177,Healing Gems,Fiesta Pack,Gem Cha,2020-07-24,12
178,Sheeqo Beat,Playlist,Who?,2022-09-23,13
179,Healing Gems,Fiesta Pack,Nubes De Pi√±a,2020-07-24,12
180,Bal√∫n,A√±os Atr√°s,AnÃÉos AtraÃÅs,2018-04-27,1
181,Onda Moderna,Bai Mudan,Bai Mudan,2023-12-15,1
182,Bad Gyal,Mix: Lo Mejor de la M√∫sica Latina 2023,Chulo pt.2,2023-10-20,30
183,Sebastian Yatra,Top Latin Hits 2023,VAGABUNDO,2023-12-16,20
184,The Latino Collective,"Top 100 Latin Hits Playlist - over 5 Hours of the Best Latino Anthems Ever! - Perfect for Parties, Bbq's, Beach & Holidays",Bailamos,2014-02-16,100
185,Baba Gris,Bhava,Guatemala,2016-12-20,9
186,State Limbo,Therefore I Am,Latin,2017-01-13,6
187,Juanes,Top Latin Hits 2019,La Plata,2019-08-09,26
188,J Balvin,Summer Latino 2022,Sigue,2022-05-06,28
189,Martin Malon,Latin Pop 2020,Atr√©vete,2020-06-01,39
190,Ozomatli,Place In The Sun,Prendida,2014-01-01,10
191,Billboard Top 100 Hits,The Hottest Latino Hits,Hey Ma,2018-04-14,17
192,Mit√∫,DANZAAA,LOMA,2024-03-20,11
193,Mula,Mula,Playa,2015-03-05,10
194,zzoilo,Top Latin Songs 2022,Mon Amour - Remix,2022-10-04,30
195,Alvaro Diaz,The Highlights: Reggaet√≥n,BYAK,2024-04-22,25
196,Feid,Hits de ahora,CLASSY 101,2023-10-13,25
197,Katrina,No Siento (nada),Ghosts,2024-08-23,6
198,Dogos,Lim√≠trofes,Lim√≠trofes,2019-07-14,1
199,Onda Moderna,Kiubo,Kiubo,2020-09-26,1
200,Daddy Yankee,Summer Latino 2022,REMIX,2022-05-06,28
201,Jarina De Marco,Caribbean All-Inclusive Luxury,Pool Bar,2023-09-05,9
202,La R,La Recompensa,No Hay Que Ser Bonito,2018-10-18,11
203,Suite Paranoia,Calma,Calma,2024-09-13,1
204,J Balvin,Top Latin Songs 2022,Sigue,2022-10-04,30
205,Duck Fizz,Coraz√≥n,Coraz√≥n,2024-06-07,2
206,Alegr√≠a Rampante,Jirafa,Jirafa,2019-11-22,1
207,Words Four Two,El Sol (2023),El Sol (2023) - Radio,2023-11-02,1
208,Sebastian Yatra,Hits regaet√≥n 2021,Pareja Del A√±o,2021-05-14,31
209,La R,La Recompensa,El Dilema,2018-10-18,11
210,Omaraga the G,Mi Tierra Latina,Beirut,2024-09-22,60
211,Yib√°ro,Quiero Ser,Quiero Ser,2016-01-29,1
212,Will Kano,Latina,Latina,2024-01-26,1
213,Fof√© Y Los Fetiches,La Juventud,Aguj√≥n,2016-09-09,12
214,Okan,Okantomi,Okantomi,2023-10-04,1
215,Maluma,Reggaet√≥n 2020 - √âxitos Urbanos,Qu√© Pena,2020-03-18,21
216,Polbo,Polbo,El Dia De Hoy,2005-01-01,11
217,Ozomatli,Ozomatli Presents Ozokidz,Balloon Fest,2012-09-25,14
218,Twin Seas,TO GO,Curse,2023-09-15,14
219,Sebastian Yatra,Today's Top Latin Hits,VAGABUNDO,2023-10-10,25
220,Bal√∫n,A√±os Atr√°s,AnÃÉos AtraÃÅs,2018-04-27,1
221,Onda Moderna,Bai Mudan,Bai Mudan,2023-12-15,1
222,Bad Gyal,Mix: Lo Mejor de la M√∫sica Latina 2023,Chulo pt.2,2023-10-20,30
223,Mit√∫,DANZAAA,AYY,2024-03-20,11
224,Sebastian Yatra,Top Latin Hits 2023,VAGABUNDO,2023-12-16,20
225,The Latino Collective,"Top 100 Latin Hits Playlist - over 5 Hours of the Best Latino Anthems Ever! - Perfect for Parties, Bbq's, Beach & Holidays",Bailamos,2014-02-16,100
226,Baba Gris,Bhava,Guatemala,2016-12-20,9
227,Mayani Swave,Mia,Mia,2024-03-22,1
228,Juanes,Top Latin Hits 2019,La Plata,2019-08-09,26
229,Ocho Ojos,Ocho Ojos,Tj Maxx,2018-03-08,7
230,Mit√∫,DANZAAA,LOMA,2024-03-20,11
231,Mula,Mula,Playa,2015-03-05,10
232,Milos,El Malo,El Malo,2024-06-28,1
233,Ginger,Big Bang,Big Bang,2024-08-19,1
234,Very Be Careful,¬øRemember Me From The Party?,La Loma,2012-10-09,12
235,Onda Moderna,Definici√≥n Perfecta,Definici√≥n Perfecta,2019-02-15,1
236,Red Tiger,Evolution (Remastered),Evolution,2020-12-04,14
237,Seba Otero,Mejor Que Antes,Salitre,2022-07-28,2
238,Fof√© Y Los Fetiches,La Juventud,P√°jaro Silbador,2016-09-09,12
239,Omaraga the G,Mi Tierra Latina,Bahrein,2024-09-22,60
240,Dogos,Dogos,Ventana,2018-06-22,8
241,Polbo,Polbo,Ramon,2005-01-01,11
242,Juventud Crasa,2004-2015,Otro Como T√∫,2016-04-01,50
243,Dogos,Lim√≠trofes,Lim√≠trofes,2019-07-14,1
244,Sebastian Yatra,Top Latin Songs 2022,Melanc√≥licos An√≥nimos,2022-10-04,30
245,Onda Moderna,Kiubo,Kiubo,2020-09-26,1
246,Circo,Plus Souvent (Radio Edit),Plus Souvent - Radio Edit,2024-06-07,1
247,Omaraga the G,Mi Tierra Latina,Ashgabat,2024-09-22,60
248,Lele Pons,Top Latin Hits 2019,Celoso,2019-08-09,26
249,La R,La Recompensa,La Guag√ºita,2018-10-18,11
250,Calma Carmona,MICRODOSIS,Otra Vez,2021-05-21,6
251,Danny Ocean,LATIN MUSIC 2024,Swing,2024-09-12,50
252,Bal√∫n,Memoria Textil,Las Olas,2010-01-01,9
253,KAROL G,Hits Latinos - Melhores,PROVENZA,2023-11-17,12
254,Piso 21,Pop Latino 2024,La misi√≥n,2024-07-12,50
255,Onda Moderna,LMQTA,Mujer,2022-06-10,6
256,Para√≠sos,Respiro,Respiro,2023-03-03,1
257,J Balvin,Top Latin Hits 2019,Reggaeton,2019-08-09,26
258,Bal√∫n,Something Comes Our Way,A Surprise,2006-01-01,12
259,Calma Carmona,100 Vidas,Criminal,2017-11-30,11
260,Young Miko,Top Latin Hits 2023,wiggy,2023-12-16,20
261,Labajura,Labajura,Far Away,2015-08-18,10
262,Sebastian Yatra,Best Of 2017 Latin,SUTRA,2017-12-15,48
263,Onda Moderna,La Dif√≠cil,La Dif√≠cil,2020-03-28,1
264,TIM√ò,Today's Top Latin Hits,215 D√≠as,2023-10-10,25
265,Patio Solar,Puro Espejo,G√°rgolas,2024-01-12,5
266,Luis Fonsi,Today's Top Songs: Latin Edition,B√©same,2021-10-01,20
267,Omaraga the G,Mi Tierra Latina,Banjul,2024-09-22,60
268,Pap√° Kumb√©,Morena,Morena,2019-08-16,1
269,Sie7e,Gaia,Gaia,2020-04-24,15
270,Alex Dattilo,"40 Latin Hits 2021 (Reggaeton, Electro Latino & Mambo)",Azucar,2021-07-23,40
271,Seba Otero,Juyendo,Juyendo,2020-10-27,1
272,La R,La Recompensa,Regular,2018-10-18,11
273,Ela Taubert,Top Latin Viral Hits 2023,¬øY Si Eras T√∫?,2023-12-16,20
274,Juventud Crasa,2004-2015,Ciudadano,2016-04-01,50
275,KAROL G,Top Latin Hits 2023,TQG,2023-12-16,20
276,Bal√∫n,Memoria Textil,Minumina,2010-01-01,9
277,Badshah,Regueton Mix 2022 üòç,Voodoo,2022-05-13,34
278,Vivanativa,RaRo,Infinito,2020-05-26,15
279,Labajura,Labajura,Closer,2015-08-18,10
280,Misa E' Gallo,Misa 'e Gallo,Yo Nac√≠,2018-11-24,12
281,un√Ånima,Hunde,Hunde,2023-07-28,5
282,Jarina De Marco,Caribbean All-Inclusive Luxury,Pelo,2023-09-05,9
283,Polbo,Polbo,Reza,2005-01-01,11
284,Bang Data,Maldito Carnaval,Pressure,2009-10-06,7
285,Omaraga the G,Mi Tierra Latina,Ba,2024-09-22,60
286,El Otro Polo,33,33,2024-04-05,1
287,Migrant Motel,Party,Party,2023-04-28,1
288,Omaraga the G,Mi Tierra Latina,Badajoz,2024-09-22,60
289,DUVVII,Lugares,Dualidad,2019-07-19,3
290,JHAYCO,Top Latin Hits 2023,Ex-Special,2023-12-16,20
291,NY Latino Chillout Caf√©,"Best of Latin Dance Party 2019 ‚Äì Hot Tropical Rhythms for Latin Fiesta, Music for Dancing",Latin House Time,2019-01-31,20
292,Campo-Formio,Plan Maestro,Baba Bongo,2020-10-15,10
293,Sebastian Yatra,Regueton Mix 2022 üòç,Delincuente,2022-05-13,34
294,Danny Romero,Baila Reggaet√≥n,Baila Reggaet√≥n,2022-10-13,1
295,Polbo,Polbo,Como Pasan Los A√±os,2005-01-01,11
296,Rubytates,Salida,Salida,2023-04-21,1
297,Onda Moderna,LMQTA,Subo al Cielo,2022-06-10,6
298,Heyrocco,Mexican Ashtray,Hermanos,2019-08-15,5
299,Bal√∫n,Something Comes Our Way,Snol,2006-01-01,12
300,Nacho,Latin Music Hits,B√°ilame,2023-05-31,34
301,Tropiezo,3 Acordes en 45 Segundos: La Historia de Tropiezo (1997-2017),Tropiezo,2017-09-11,32
302,"H√©ctor ""El Father""",Latino Hits 2022,Sola,2022-09-01,48
303,Seba Otero,Salitre,Siglos,2022-11-04,8
304,KAROL G,Hits From The Internet 2022,PROVENZA,2022-06-10,25
305,La R,La Recompensa,El Escape,2018-10-18,11
306,Omaraga the G,Mi Tierra Latina,Beget,2024-09-22,60
307,Omaraga the G,Mi Tierra Latina,Atienza,2024-09-22,60
308,Former Astronauts,Former Astronauts - EP,Arquitectos - Bonus Track,2014-07-22,6
309,Almas Band,BBQ,BBQ,2022-07-01,1
310,Yib√°ro,Te Deseo,Te Deseo,2018-09-29,1
311,Feid,New Global Pop Hits 2023 | Hot Hits International,Ni√±a Bonita,2023-05-30,23
312,J Balvin,Reggaeton Hits 2022,Gris,2022-03-11,30
313,Mit√∫,Mirow,Solo,2021-01-15,6
314,Bal√∫n,Something Comes Our Way,Squared Triangles,2006-01-01,12
315,√åF√â,IIII+IIII (Deluxe Edition),HIGHER LOVE,2017-03-31,13
316,Nacho,Latin Summer 2024,B√°ilame,2024-04-29,30
317,Bal√∫n,Memoria Textil,Berceuse,2010-01-01,9
318,Red Tiger,Evolution (Remastered),Sentence,2020-12-04,14
319,√åF√â,IIII+IIII (Deluxe Edition),YUMAVISION,2017-03-31,13
320,J Balvin,M√∫sica Variada- De todo,Ginza,2022-03-15,34
321,J Balvin,Latin Music Hits,No Es Justo,2023-05-31,34
322,Turista,La Nueva Esquina,Volando Bajito,2023-05-30,8
323,Katrina,Rosa,Rosa,2024-06-07,1
324,Bhietxa,ROMA,ROMA,2024-04-12,1
325,Bal√∫n,La Luna,La Luna,2012-01-01,4
326,Bal√∫n,Something Comes Our Way,Opening The Box,2006-01-01,12
327,DJ Snake,Summer Latino 2022,SG,2022-05-06,28
328,KAROL G,Top Latin Hits 2019,Punto G,2019-08-09,26
329,Feid,Top Canciones LATAM,Normal,2023-09-01,30
330,La Maquinaria Norte√±a,Las Mejores Canciones del 2023,Eres Ese Algo,2023-12-01,30
331,Elena Rose,Top Hits Latinos 2023,CARACAS EN EL 2000,2023-12-16,50
332,La R,En Cuarentena 2020,En Cuarentena,2020-12-05,5
333,Suenalo,Live at Transit,Elegua,2009-11-24,12
334,Campo-Formio,Plan Maestro,El Para√≠so,2020-10-15,10
335,Bairoa,Barlovento EP,Barlovento,2016,6
336,Moncho Berry,Degenerado,Moon,2022-08-19,12
337,Words Four Two,El Sol (2023) [Remix],El Sol (2023) - Remix,2023-11-21,1
338,TROPA,O CALLA PARA SIEMPRE,GENUINO,2023-03-24,12
339,Don Omar,Latino Hits 2022,Dutty Love,2022-09-01,48
340,Omaraga the G,Mi Tierra Latina,Bangui,2024-09-22,60
341,The Mar√≠as,Top 100 Songs of 2024,Run Your Mouth,2024-07-27,100
342,Chika Di,Chika Di,Guaro,2024-02-23,10
343,Bal√∫n,Something Comes Our Way,To My Room,2006-01-01,12
344,Selena Gomez,Latin Mix,Baila Conmigo,2023-07-12,22
345,Turista,Turista,Prend√≠o,2016-07-15,8
346,Feid,Top Latin Viral Hits 2023,BUBALU,2023-12-16,20
347,La Mejor M√∫sica Electr√≥nica,Latino Moderno 2024,SAKURA,2024-09-19,9
348,Turista,La Nueva Esquina,La Nueva Esquina,2023-05-30,8
349,Badshah,Latino Summer Hits 2022,Voodoo,2022-05-26,34
350,Marc Segu√≠,LATIN MUSIC 2024,360,2024-09-12,50
351,Danny Ocean,Pop Latino 2024,Si no no,2024-07-12,50
352,Nicole Zignago,Pop Latino 2024,m√°s y menos,2024-07-12,50
353,La R,La Recompensa,R Con R,2018-10-18,11
354,Kaida,Musica Latina,Musica Latina,2024-03-20,2
355,Luis Fonsi,Top Latin Songs 2022,Vacaciones,2022-10-04,30
356,Mit√∫,Balnear,Litoral,2014-04-25,11
357,LATIN HITS,The Hottest Latino Hits,El Perd√≥n,2018-04-13,17
358,Mit√∫,DANZAAA,VAGO,2024-03-20,11
359,Taylor Diaz,R&B En Espa√±ol,Caf√©,2023-09-14,30
360,Juanes,Best Of 2017 Latin,El Ratico,2017-12-15,48
361,Chinonegro,Crosstown Rebels Present Spirits V,My Moment,2022-06-17,8
362,Feid,Regueton Mix 2022 üòç,FRIKI,2022-05-13,34
363,Un Final Fatal,Tiempos Fatales 2003-2015,El Fin,2016-04-22,42
364,La Mejor M√∫sica Electr√≥nica,Latino Moderno 2024,Tokyo Police,2024-09-19,9
365,Daddy Yankee,Summer Latino 2022,M√âTELE AL PERREO,2022-05-06,28
366,Juventud Crasa,2004-2015,Espacio y Tiempo,2016-04-01,50
367,Piso 21,Top Latino Hits,La misi√≥n,2024-07-02,30
368,Feid,Latino Viral Hits,CLASSY 101,2023-05-04,20
369,S√°gan,Sal,Sal,2023-08-11,1
370,Sof√≠a Reyes,Latin Hits 2022,R.I.P.,2022-04-22,10
371,Mit√∫,Cosmus,Fin,2017-08-25,11
372,Elisa Tokeshi,Beibi,Beibi,2023-02-16,1
373,Le Montro,Ligero,Magnetismo / Ligero,2023-12-29,3
374,Almas Band,Entre Luz y Sombra,Control Sobre M√≠,2014-09-30,16
375,Kenya Grace,HITAZOS DEL 2024,Only in My Mind,2024-08-03,36
376,RAVEN DAVE,Rap Latino,Rap Latino,2024-08-23,1
377,Quevedo,LATIN MUSIC 2024,Playa del ingl√©s,2024-09-12,50
378,N.O.R.E.,Latino Hits 2022,Oye Mi Canto,2022-09-01,48
379,Timothy The Master,Dancestral,Mi Gente,2020-07-31,12
380,Bal√∫n,Memoria Textil,El Paseo,2010-01-01,9
381,LIT killah,Top Hits Latinos 2023,LuXxX,2023-12-16,50
382,Bal√∫n,Camila,Camila,2011-01-01,2
383,Luz Futuro,Tiempo,Tiempo,2023-11-16,1
384,Daddy Yankee,Latino Summer Hits 2022,RUMBAT√ìN,2022-05-26,34
385,Nina Rodriguez,Duda,Duda,2023-10-20,1
386,Danny Ocean,TOP LATINO HITS,M√≥naco,2023-11-03,40
387,Bairoa,Barlovento EP,Lune,2016,6
388,Sof√≠a Reyes,Top Latino Hits,El 100,2024-07-02,30
389,DJ Sukha,Latin Music 2024,En la playa bajo el sol,2024-08-29,5
390,Daddy Yankee,Latino Hits 2022,Con Calma,2022-09-01,48
391,DJ Sukha,Latin Music 2024,Lunes,2024-08-29,5
392,Feid,Latin Music Hits,PORFA,2023-05-31,34
393,Musica Latina Playlist,Musica De Fondo - Restaurantes,Musica (Fiestas),2021-06-01,10
394,Juventud Crasa,2004-2015,Teatro,2016-04-01,50
395,La R,En Cuarentena 2020,Madre Querida,2020-12-05,5
396,Anitta,Latin Hits 2022,Downtown,2022-04-22,10
397,Un Final Fatal,Tiempos Fatales 2003-2015,Virus,2016-04-22,42
398,Bal√∫n,La Luna,Cuando Amanece,2012-01-01,4
399,Lalo Ebratt,Top Latin Hits 2019,Mocca,2019-08-09,26
400,Los Petardos!,Azul,Azul,2023-06-09,1
401,Justin Quiles,Hot Reggaeton 2023,Jeans,2023-05-12,16
402,Flies on the Square Egg,Los Hits Latinos Que Te Mueven,Me Reh√∫so,2017-09-28,12
403,Latina Kimon,I Remember,I Remember,2024-02-15,1
404,Blessd,Top Latino Hits,DIFERENTE,2024-07-02,30
405,J Balvin,Los Hits Latinos del 2021,Una Nota,2021-12-10,25
406,Cardi B,Spring Break 2022,I Like It,2022-04-15,60
407,Zion & Lennox,LATIN MUSIC 2024,Berlin,2024-09-12,50
408,Lasso,Top Latin Hits 2023,Ojos Marrones - Remix,2023-12-16,20
409,J Balvin,Reggaeton 2019,Ginza,2019-11-15,30
410,KAROL G,Pop Hits 2024 by Digster Pop,ME TENGO QUE IR,2024-09-01,61
411,iZaak,Latin Party 2024,Juqueando,2023-12-23,42
412,JHAYCO,Top Canciones LATAM,Cuerpecito,2023-09-01,30
413,Juanes,Mix: Pop Latino,Fuego,2023-11-17,30
414,Sano,Latino Body Music Vol. IV,No Seas Loca,2024-04-12,8
415,Blessd,Top Latino Hits,Mirame,2024-07-02,30
416,Chino & Nacho,Latin Summer 2024,Ni√±a Bonita,2024-04-29,30
417,Young Miko,Mix: Las M√°s Sonadas del 2023,Riri,2023-10-13,30
418,LATIN HITS,The Hottest Latino Hits,Bailando,2018-04-13,17
419,Sof√≠a Reyes,LATIN MUSIC 2024,Girls,2024-09-12,50
420,Sof√≠a Reyes,LATINO MIX 2023,"1, 2, 3",2023-08-09,28
421,NY Latino Chillout Caf√©,"Best of Latin Dance Party 2019 ‚Äì Hot Tropical Rhythms for Latin Fiesta, Music for Dancing",Going Deeper in Latin Rhythms,2019-01-31,20
422,Feid,Temazos Latinos,X19X,2023-12-16,30
423,Jesse & Joy,Pop Latino 2024,Lo nuestro vale m√°s,2024-07-12,50
424,KAROL G,Latino Hits 2022,BICHOTA,2022-09-01,48
425,Feid,Top Latin Viral Hits 2023,CHORRITO PA LAS ANIMAS,2023-12-16,20
426,J Balvin,Summer Latino 2022,Qu√© M√°s Pues?,2022-05-06,28
427,Cardi B,A√±os 2010,I Like It,2024-05-18,50
428,Maria Becerra,LATIN MUSIC 2024,CORAZ√ìN VAC√çO,2024-09-12,50
429,Latino OB,My Dues,My Dues,2024-05-19,1
430,Chino & Nacho,Latin Summer 2024,T√∫ Me Quemas,2024-04-29,30
431,KAROL G,√âxitos Virales Latinos 2023,CAROLINA,2023-12-21,20
432,Saak,Best Of 2017 Latin,Callej√≥n,2017-12-15,48
433,Universal Production Music,Latin Music Week 2023 Miami Celebraci√≥n,Loca,2023-09-29,54
434,LATIN HITS,The Hottest Latino Hits,Obsesionado,2018-04-13,17
435,Marc Segu√≠,Hits Verano Mix 2024,Tiroteo - Remix,2024-08-14,28
436,Greeicy,Top Latin Hits 2019,Jacuzzi,2019-08-09,26
437,Zero,Ligeras y Perversas,H,2017-11-03,4
438,Roma,La Esperanza,Welcome To,2022-07-15,10
439,Jhay Cortez,TOP LATINO HITS,Ande con quien ande,2023-11-03,40
440,Justin Quiles,M√∫sica para Leo 2024,BOOM BOOM,2024-07-22,30
441,Diversos Artistas,Latin American Crossover,Latin Mix,2009-06-01,60
442,Brray,Top Latin Hits 2023,Coraz√≥n Roto - Remix,2023-12-16,20
443,Los Reggaetronics,"Latino Hits 2018 - The Very Best Latin & Reggaet√≥n Music Ever! (Urbano, Salsa, Bachata, Merengue, Latin Dance, Kuduro, Fitness & Workout)",Ginza,2018-02-22,34
444,Ovy On The Drums,Latino Top Tracks,BELLAQUERIA,2024-08-23,35
445,Man√°,Hits Latinos,Rayando el sol,2023-07-21,30
446,Danny Ocean,Hits 2022 - Today's Top Songs,Fuera del mercado,2022-05-27,29
447,The Latino Collective,"Top 100 Latin Hits Playlist - over 5 Hours of the Best Latino Anthems Ever! - Perfect for Parties, Bbq's, Beach & Holidays",M√°s Que Nada,2014-02-16,100
448,Latin Masters,Top 40 Latin Classics - All the Best Latino Hits You'll Ever Need !,Hot Hot Hot,2014-12-01,40
449,Lenny Tav√°rez,Top Latino Hits,EMPELOTICA,2024-07-02,30
450,Feid,Los Hits Latinos del 2021,SI T√ö SUPIERAS,2021-12-10,25
451,Kali Uchis,√âxitos Costa Rica 2023,Moonlight,2023-12-16,30
452,Gran Radio Riviera,0-800 HOY,Eloy,2023-03-10,15
453,KAROL G,Latino Hits 2022,Mi Cama,2022-09-01,48
454,Alegra,"Latino Hits 2018 - The Very Best Latin & Reggaet√≥n Music Ever! (Urbano, Salsa, Bachata, Merengue, Latin Dance, Kuduro, Fitness & Workout)",Mi Nuevo Vicio,2018-02-22,34
455,La Mejor M√∫sica Electr√≥nica,Exitos En Espa√±ol Oto√±o 2024 (Electronica & Reggaeton),Candela Latina,2024-09-27,10
456,Feid,Top Hits Latinos 2023,A veces,2023-12-16,50
457,Alberto Dimeo,Miami Music Week,Caribbean Flow,2024-03-22,20
458,Leo Rizzi,Pop Latino 2024,ALGO ESPECIAL,2024-07-12,50
459,Sano,Latino Body Music Vol. IV,Comon Beibe,2024-04-12,8
460,J Balvin,Best of Perreo,Ginza,2021-05-14,37
461,Piso 21,Global Top Hits - Summer 2024,La misi√≥n,2024-06-12,70
462,Feid,Temazos y Hitazos: Latino,FRESH KERIAS,2023-08-11,40
463,Latin Masters,Top 40 Latin Classics - All the Best Latino Hits You'll Ever Need !,Chan Chan,2014-12-01,40
464,Sebastian Yatra,Latino Hits 2022,Traicionera,2022-09-01,48
465,J Balvin,Latino Viral Hits,Ginza,2023-05-04,20
466,Jesse & Joy,Latin Pop Hits,Aire,2023-07-07,35
467,Micro TDH,Mega Hits Latinos,NEGRO MATE,2024-01-30,30
468,Morat,Top Latin Songs 2022,Par√≠s,2022-10-04,30
469,Danny Ocean,Awesome Top Chart Hits,Me Reh√∫so,2023-06-30,57
470,LIT killah,LATIN MUSIC 2024,LuXxX,2024-09-12,50
471,Anitta,Latin Hit Mix 2022,Envolver,2022-08-19,46
472,Danny Ocean,Today's Latin Songs,Brisa,2023-10-26,36
473,Feid,Hits 2023: Reggaet√≥n,Ni√±a Bonita,2023-11-10,25
474,Myke Towers,Top 100 Songs of 2024,ADIVINO,2024-07-27,100
475,Kali Uchis,Hits Automne 2022,NO HAY LEY,2022-09-29,22
476,Musica Latina,Popular Musica Latina,Musica (Restaurantes),2021-06-06,10
477,Sebastian Yatra,Latin Summer 2024,Alguien Robo,2024-04-29,30
478,KAROL G,Top Hits 2024,TQG,2024-09-01,70
479,Greeicy,Los Hits Latinos del 2021,Lejos Conmigo,2021-12-10,25
480,Los Reggaetronics,Top Latin Hits 2020,Taki Taki,2020-02-21,20
481,J Balvin,Best Hits Of 2022,LA CANCI√ìN,2022-12-17,26
482,Marc Segu√≠,Pop Latino 2024,NO HABERTE CONOCIDO,2024-07-12,50
483,J Balvin,Muy latina,Ginza,2024-06-28,17
484,Latin Electronic Dance Music,Spanish Electronic Dance Music (Copyright Free),Baila Conmigo Festival,2024-04-05,20
485,Ray-X,Latin Pop 2020,Ritmo,2020-06-01,39
486,Mariah Angeliq,Latino Hits 2022,Perreito,2022-09-01,48
487,Luis Fonsi,Latino Hits 2022,Imposible,2022-09-01,48
488,J Balvin,Crosover Colombia,Ginza,2020-10-02,26
489,Cafe Latino Dance Club,"15 Best Latin Songs: Spanish Guitar Music for Dancing ‚Äì Salsa, Bachata, Mambo, Cumbia, Cha Cha, Pachanga, Total Relaxation, Fitness Centre Music, Latin Dance Club","Son Montuno, Latin American Music",2017-03-01,15
490,Myke Towers,50 BEST POP SONGS 2024,ADIVINO,2024-09-04,50
491,Luis Fonsi,Latino Summer Hits 2022,Dolce,2022-05-26,34
492,Maria Becerra,Top Latino Hits,IMAN (Two Of Us),2024-07-02,30
493,KAROL G,Los Hits Latinos del 2021,200 COPAS,2021-12-10,25
494,KEVIN ROLDAN,Latino Hits 2022,PPP,2022-09-01,48
495,Feid,HOLA 2024,CLASSY 101,2023-12-22,28
496,Pablo Eskobear,Pool Parties,Lavish Latinas,2021-09-14,5
497,Juanes,Latino Hits 2022,Fuego,2022-09-01,48
498,Latin Masters,Top 40 Latin Classics - All the Best Latino Hits You'll Ever Need !,Sway,2014-12-01,40
499,Jerry Di,M√∫sica Alegre Actual,Mi Cuarto,2022-01-21,36
500,Bad Bunny,nadie sabe lo que va a pasar ma√±ana,PERRO NEGRO,2023-10-13,22
501,Myke Towers,LA VIDA ES UNA,LALA,2023-03-23,23
502,Rauw Alejandro,SATURNO,LOKERA,2023-01-24,18
503,Tainy,DATA,MOJABI GHOST,2023-06-29,20
504,Tainy,DATA,Lo Siento BB:/,2023-06-29,20
505,Alvaro Diaz,SAYONARA,BYAK,2024-05-17,20
506,Shakira,Las Mujeres Ya No Lloran,Monoton√≠a,2024-03-22,17
507,Becky G,Arranca (feat. Omega),Arranca (feat. Omega),2023-03-10,1
508,J Balvin,Gaga,Gaga,2024-07-11,1
509,iZaak,LUNA,LUNA,2024-08-16,1
510,J Balvin,Rayo,Gaga,2024-08-09,15
511,Rauw Alejandro,SATURNO,GATAS,2023-01-24,18
512,Alvaro Diaz,BYAK,BYAK,2024-03-29,1
513,Feid,Ni√±a Bonita,Ni√±a Bonita,2023-04-21,1
514,Kali Uchis,ORQU√çDEAS,Perdiste,2024-01-12,14
515,¬øT√©o?,¬°BANG BANG!,DURO,2024-07-26,2
516,Feid,LUNA,LUNA,2024-03-01,1
517,Sweet Lizzy Project,High,High,2024-07-19,1
518,Luna Luna,Si Una Vez,Si Una Vez,2023-10-27,1
519,Shakira,Punter√≠a,Punter√≠a,2024-03-21,1
520,¬øT√©o?,¬°BANG BANG!,o my god.,2024-07-26,2
521,Lunar Vacation,Fantasy,Fantasy,2024-09-04,4
522,Myke Towers,LVEU: VIVE LA TUYA...NO LA MIA,LALA,2023-09-18,23
523,Mima,Bachaqu√©,Bachaqu√©,2023-11-19,1
524,Chuwi,Tierra,Mundi,2024-03-23,5
525,¬øT√©o?,Luna,A Mi Cama,2023-08-18,12
526,Gizmo Varillas,Under the Weight,Under the Weight,2024-10-11,7
527,Ozuna,Afro,Curarme El Alma,2023-05-26,7
528,HYRA,Fi2Fi,Fi2Fi,2024-05-24,3
529,Elsa y Elmar,PALACIO,VISTO,2024-08-29,12
530,Ozuna,Cosmo,La 65,2023-11-17,15
531,Rodrigo Solo,EGO,Roma,2024-05-24,8
532,Sof√≠a Reyes,Latino Hits 2024,COBARDE,2024-03-16,44
533,TOLEDO,Lindo Lindo,Lindo Lindo,2024-01-18,2
534,Nacho,Miami,Miami,2024-07-25,1
535,Danny Ocean,Latino Hits 2024,AMOR,2024-03-16,44
536,Rae Khalil,CRYBABY,CRYBABY,2024-07-12,1
537,Twin Seas,LUNA,LUNA,2024-05-14,2
538,Ramona,Los Himnos del Amor,Bonita,2024-04-12,28
539,Danny Ocean,Latino Hits 2024,Brisa,2024-03-16,44
540,Mit√∫,Astra,Nene,2023-04-26,10
541,Lido Pimienta,He Venido al Mar,He Venido al Mar - short mix,2024-05-14,2
542,Okan,Okantomi,Okantomi,2023-11-08,9
543,Sof√≠a Reyes,Latino Hits 2024,tqum,2024-03-16,44
544,Myke Towers,pop songs 2024,ADIVINO,2024-05-18,45
545,Mayani Swave,12345678,12345678,2024-07-07,1
546,Black Guayaba,La F√°brica de Sue√±os,V√°mono',2024-05-24,7
547,SOG,Latino Hits 2024,P√≥rtate mal,2024-03-16,44
548,La Do√±a,Confesiones,Confesiones,2024-08-02,1
549,Bebo Dumont,SINSE,SINSE,2024-05-31,1
550,Bebo Dumont,Ninguna,Ninguna,2023-11-22,1
551,Ximena Sari√±ana,Latino Hits 2024,¬øQu√© tiene?,2024-03-16,44
552,Mabe Fratti,Sentir Que No Sabes,Quieras o no,2024-06-28,13
553,Lenny Tav√°rez,Latino Hits 2024,EMPELOTICA,2024-03-16,44
554,Skillbea,√Ångel joven,A/B,2024-04-26,14
555,Black Guayaba,La F√°brica de Sue√±os,Nadie,2024-05-24,7
556,Los Inconformes,Culpa,Culpa,2023-10-31,1
557,Jarina De Marco,Caribbean All-Inclusive Luxury,El√©ctrico,2023-09-05,9
558,iZaak,iZaak √âxitos,LUNA,2024-10-04,5
559,Black Guayaba,La F√°brica de Sue√±os,Cielo,2024-05-24,7
560,Marc Segu√≠,Lo mejor del pop,Tiroteo - Remix,2024-03-13,36
561,Hermes Croatto,A Tinti,A Tinti,2023-01-26,1
562,Yandel,Latino Hits 2024,Borracho y loco,2024-03-16,44
563,The Grinns,CHIA,CHIA,2024-08-09,4
564,Cardi B,Latino Hits 2024,I Like It,2024-03-16,44
565,Young Miko,Mix: Lo Mejor de la M√∫sica Latina 2023,Lisa,2023-10-20,30
566,Yng Lvcas,Latino Hits 2024,Wazap,2024-03-16,44
567,Mario Bautista,Latino Hits 2024,An√≥nimo,2024-03-16,44
568,Elena Rose,Latino Hits 2024,Disculpa amiga,2024-03-16,44
569,Tiago PZK,LATIN MUSIC 2024,Alegr√≠a,2024-09-12,50
570,Calma Carmona,Where did you go?,Where did you go?,2024-07-26,1
571,Lp Certified,Latina Lover,Latina Lover,2024-07-04,1
572,DannyLux,Latino Hits 2024,HOUSE OF LUX,2024-03-16,44
573,Be√©le,Lo M√°s Escuchado del 2023,Guaro,2023-12-14,5
574,Mula,Mar,Mar,2024-09-27,1
575,Quevedo,Latino Hits 2024,Playa del ingl√©s,2024-03-16,44
576,Maria Becerra,Latino Hits 2024,Piscina,2024-03-16,44
577,Dogos,"√ìrbitas, Estrellas y Amantes Fugaces","√ìrbitas, Estrellas y Amantes Fugaces",2024-07-19,1
578,Danny Polo,Gundam,Gundam,2024-03-15,1
579,KAROL G,Today's Top Latin Hits,QLONA,2023-10-10,25
580,LatinaSpot,LatinaSpot,Latina Spots - Radio Edit,2024-05-20,2
581,Labajura,Terrazza,Terrazza,2024-08-29,1
582,Mit√∫,Astra,Astra,2023-04-26,10
583,Mint Field,Aprender a Ser: Extended,Ve hacia la ventana,2024-08-30,7
584,Myke Towers,Today's Hits 2024,ADIVINO,2024-08-14,29
585,Mit√∫,Astra,Yodo,2023-04-26,10
586,Mint Field,Sensibilidad dormida,Sensibilidad dormida,2024-07-24,3
587,Puya,POTENCIAL,Potencial,2024-05-24,8
588,Piso 21,Latino Hits 2024,Sueltas,2024-03-16,44
589,KAROL G,Top Latin Hits 2023,MI EX TEN√çA RAZ√ìN,2023-12-16,20
590,El Hijo de Borik√©n,Por el compromiso de mi aporte,No me comprometo,2024-04-15,7
591,iZaak,Top Hits Latinos 2023,Juqueando,2023-12-16,50
592,Elsa y Elmar,K√© MaL,VISTO,2024-07-26,4
593,Myke Towers,Best Hits 2024 - Popular Songs - Top Music,ADIVINO,2024-05-29,50
594,Anitta,Latino Hits 2024,El que espera,2024-03-16,44
595,Marc Segu√≠,Viva Latinos,Tiroteo - Remix,2023-10-03,34
596,Bacilos,Latino Hits 2024,Caraluna,2024-03-16,44
597,Moisesreyesrd,The right path 2,reggaeton Latino,2024-10-10,10
598,Salom√≥n Beda,Origami,Origami,2024-06-21,1
599,LAGOS,Latino Hits 2024,Blanco y negro,2024-03-16,44
600,Piso 21,Latino Hits 2024,Sueltas,2024-03-16,44
601,KAROL G,Top Latin Hits 2023,MI EX TEN√çA RAZ√ìN,2023-12-16,20
602,Mint Field,Aprender a Ser,El Suspiro Cambia Todo,2023-10-27,10
603,iZaak,Top Hits Latinos 2023,Juqueando,2023-12-16,50
604,REYNA,Mexico,Mexico,2024-08-16,1
605,Myke Towers,Best Hits 2024 - Popular Songs - Top Music,ADIVINO,2024-05-29,50
606,Anitta,Latino Hits 2024,El que espera,2024-03-16,44
607,Marc Segu√≠,Viva Latinos,Tiroteo - Remix,2023-10-03,34
608,BluNites,Diabla,Diabla,2024-07-01,1
609,Bacilos,Latino Hits 2024,Caraluna,2024-03-16,44
610,LAGOS,Latino Hits 2024,Blanco y negro,2024-03-16,44
611,Belinda,Latino Hits 2024,Cactus,2024-03-16,44
612,Yng Lvcas,Latino Hits 2024,La bebe - Remix,2024-03-16,44
613,Mit√∫,Nene,Nene,2023-02-22,1
614,Sebastian Yatra,Mix: Lo Mejor de la M√∫sica Latina 2023,VAGABUNDO,2023-10-20,30
615,Yng Lvcas,Latino Hits 2024,Divi√©rtete,2024-03-16,44
616,Okan,Okantomi,Guerrero,2023-11-08,9
617,Mint Field,Aprender a Ser: Extended,Latido,2024-08-30,7
618,Feid,Top Latin Hits 2023,FERXXO 30,2023-12-16,20
619,Cozy,En Alta,Ya Lo Se,2023-08-18,10
620,Alvaro Diaz,Mix: Lo Mejor de la M√∫sica Latina 2023,YOKO,2023-10-20,30
621,Riccie Oriach,Arregoso Vaya y Sea,Arregoso Vaya y Sea,2023-12-08,1
622,Mint Field,Ve hacia la ventana,Ve hacia la ventana,2024-05-29,1
623,Zion & Lennox,Mega Hits Latinos,Otra vez,2024-01-30,30
624,Mayani Swave,Playlist (Spanish Remix),Playlist (Spanish Remix),2024-01-22,1
625,Tiago PZK,Latino Hits 2024,Me enter√©,2024-03-16,44
626,Justin Quiles,Latino Hits 2024,Faldas y Gistros,2024-03-16,44
627,Sr. Langosta,Codex Oblongata,Nepla,2024-10-04,7
628,Mint Field,Aprender a Ser,Sue√±o Despierto,2023-10-27,10
629,Mint Field,Aprender a Ser,Orqu√≠dea,2023-10-27,10
630,Polaris,Suave,Su√£-v,2024-02-08,1
631,Paulo Londra,Latino Hits 2024,Adan y Eva,2024-03-16,44
632,Kali Uchis,Mix: Las M√°s Sonadas del 2023,Moonlight,2023-10-13,30
633,Sr. Langosta,Codex Oblongata,Psicopompo,2024-10-04,7
634,SAN CHA,Gay,Gay,2024-06-10,1
635,Justin Quiles,Latino Hits 2024,Whiskey y coco,2024-03-16,44
636,Sebastian Yatra,Top Canciones LATAM,VAGABUNDO,2023-09-01,30
637,Jarina De Marco,Monumento,Monumento,2023-11-14,1
638,Nutopia,Otro Tiempo,Otro Tiempo,2023-02-22,1
639,Glass Collective,De los 2,De los 2,2024-05-16,1
640,Kaida,Musica Latina,Musica Latina - Radio Edit,2024-03-20,2
641,Sr. Langosta,Codex Oblongata,Vade Mecum,2024-10-04,7
642,Ovy On The Drums,Latino Hits 2024,GANGSTER (PQFNEDG),2024-03-16,44
643,Tayko,Ecolocalizaci√≥n,Bunta,2023-09-08,15
644,Bad Bondy,Rap latino,Rap latino,2024-07-11,1
645,Sebimor,Huella,Huella,2023-10-06,1
646,Feid,Mix: Lo Mejor de la M√∫sica Latina 2023,Ni√±a Bonita,2023-10-20,30
647,Maria Becerra,Latino Hits 2024,PRIMER AVISO,2024-03-16,44
648,KAROL G,Mix: Lo Mejor de la M√∫sica Latina 2023,TQG,2023-10-20,30
649,Mit√∫,Astra,En Todas Partes,2023-04-26,10
650,Fusion Latina,The Latin Music Hub 2023,The Latin Music Hub 2023,2023-07-28,1
651,Bad Bondy,jazzz latino,jazzz latino,2024-07-17,1
652,De La Ghetto,Latino Hits 2024,La f√≥rmula,2024-03-16,44
653,Gustavo Voz Perdida,"Latino Caliente 2024 - 24 Reggaeton, Latin Pop and Latin House Smash Hits",MILFA,2024-09-13,24
654,Mit√∫,Astra,Ilumina,2023-04-26,10
655,Myke Towers,Hits 2024 Today's Hot Hits,ADIVINO,2024-08-27,40
656,Alan Gomez,Latino Hits 2024,Micro TDH | Mission 14,2024-03-16,44
657,Kim Loaiza,Latino Hits 2024,Mal hombre,2024-03-16,44
658,Feid,Hits del 2023,CLASSY 101,2023-12-22,25
659,Dogos,Una Vez,Una Vez,2023-04-24,1
660,Bobui,Ikaro,Ikaro,2024-08-23,1
661,Mit√∫,Astra,Diamante,2023-04-26,10
662,Rubytates,Salida,Salida,2023-08-25,10
663,Feid,Mix: Lo Mejor de la M√∫sica Latina 2023,ROM√ÅNTICOS DE LUNES,2023-10-20,30
664,Sr. Langosta,Codex Oblongata,Eximia Inquinata,2024-10-04,7
665,Pahua,Habita,Ca√±a Brava,2023-11-10,12
666,Elsa y Elmar,VISTO,palacio <3,2024-06-07,3
667,Myke Towers,music 2024,ADIVINO,2024-05-15,50
668,Beret,Latino Hits 2024,Si no fuera por ti,2024-03-16,44
669,Warmth,Reflector,Reflector - Reflection,2024-07-12,3
670,HYRA,About Us,The Invitation,2024-06-28,6
671,Tiago PZK,Latino Hits 2024,ASQUEROSO,2024-03-16,44
672,Feid,Hits 2023: Reggaet√≥n,BUBALU,2023-11-10,25
673,Monttenegro,Happiness,Happiness,2024-04-25,1
674,Cabra,MART√çNEZ,Tiro Pa' Lante,2023-05-26,8
675,Almas Band,Cada Dia - Reimagined,Cada Dia - Reimagined,2024-10-07,1
676,Feid,Today's Top Latin Hits,BUBALU,2023-10-10,25
677,Omar Rodr√≠guez-L√≥pez,Is It The Clouds?,Rat Pain,2024-01-19,10
678,Adri Torron,Verano Ros√©,Verano Ros√©,2023-06-30,5
679,JHAYCO,Mix: Lo Mejor de la M√∫sica Latina 2023,Holanda,2023-10-20,30
680,Danny Ocean,Top Latino Hits,AMOR,2024-07-02,30
681,Arema Arega,Dreamland,Dreamland,2024-09-27,4
682,KAROL G,Today's Top Latin Hits,PROVENZA,2023-10-10,25
683,Kali Uchis,Vive El Verano 2024,Mu√±ekita,2024-05-31,59
684,Laura Guevara,Fantasma,Fantasma,2024-10-04,1
685,Point Decster,aparente,aparente,2024-08-16,1
686,Gizmo Varillas,Under the Weight,Desde el Otro Lado,2024-10-11,7
687,Kali Uchis,Hits del 2023,Fantasy,2023-12-22,25
688,Barrio Lindo,Zorse,Zorse,2024-08-16,1
689,Nortec Collective,Latin 00s,Tijuana bass,2024-07-19,25
690,Kali Uchis,Top Reggaeton Y Perreo,No Hay Ley Parte 2,2024-07-19,33
691,Sebastian Yatra,Top Latin Hits 2023,Energ√≠a Bacana,2023-12-16,20
692,J Balvin,Today's Top Latin Hits,Dientes,2023-10-10,25
693,Sr. Langosta,Codex Oblongata,Posl√∫dico,2024-10-04,7
694,Mint Field,Una flor sin interior,Una flor sin interior,2024-06-26,2
695,Barbaro el Urbano Vargas,Me Escribo,Me Escribo,2023-12-15,1
696,Mit√∫,Yodo,Yodo,2023-03-15,1
697,Feid,Hits 2023: Reggaet√≥n,CLASSY 101,2023-11-10,25
698,Red Tiger,Die Another Day,Die Another Day,2024-07-26,1
699,Feid,Mix: Lo Mejor de la M√∫sica Latina 2023,CHORRITO PA LAS ANIMAS,2023-10-20,30
700,ACTY,Escena Nacional,Escena Nacional,2024-09-27,1
701,Jarina De Marco,Caribbean All-Inclusive Luxury,Fuego Lento,2023-09-05,9
702,Will Kano,Latina,Latina,2024-01-26,1
703,Dinner Time,Cu√≠date,Cu√≠date,2023-10-27,1
704,Bal√∫n,Olas y Arenas,Olas y Arenas,2023-04-12,1
705,Adri Torron,Despreocupada,Despreocupada,2023-11-10,2
706,Lenny Tav√°rez,Latino Hits 2024,La pared 720,2024-03-16,44
707,Sof√≠a Reyes,Pop Latino 2024,El 100,2024-07-12,50
708,Reyna Tropical,Conexi√≥n Ancestral,Conocerla,2024-03-12,3
709,Adri Torron,Coming Home,Coming Home,2024-04-19,1
710,Bella Poarch,Latino Hits 2024,Bad Boy! - feat. Kenia OS,2024-03-16,44
711,El Hijo de Borik√©n,Hoy es un buen d√≠a,Hoy es un buen d√≠a,2023-07-11,1
712,Ni√±a ,Limbo,Limbo,2024-10-04,1
713,Feid,Top Latin Hits 2023,BUBALU,2023-12-16,20
714,Gizmo Varillas,Under the Weight,Ojos Nuevos,2024-10-11,7
715,El Hijo de Borik√©n,Emilito Castao (Instrumentales),NLMAE,2023-01-22,11
716,Mint Field,Sensibilidad dormida,Ve hacia la ventana,2024-07-24,3
717,Feid,Today's Top Latin Hits,VENTE CONMIGO,2023-10-10,25
718,Mit√∫,DANZAAA,AYY,2024-03-20,11
719,Fuego,Metro,Metro,2023-06-29,1
720,Kali Uchis,Pop Workout by Digster Pop,Labios Mordidos,2024-07-25,44
721,Sebastian Yatra,Top Latin Viral Hits 2023,VAGABUNDO,2023-12-16,20
722,Adri Torron,NASA,NASA,2024-07-19,1
723,√â Arenas,LA,Takis,2023-06-30,2
724,Suite Paranoia,Calma,Calma,2024-09-13,1
725,Joaquina,Top Latin Hits 2023,quise quererte,2023-12-16,20
726,un√Ånima,Verte llegar,Verte llegar,2023-03-17,1
727,Ganges,SORA,No,2024-10-11,10
728,Feid,Top Latin Hits 2023,CLASSY 101,2023-12-16,20
729,Marc Segu√≠,LATIN MUSIC 2024,Tiroteo - Remix,2024-09-12,50
730,Katrina,No Siento (nada),Ghosts,2024-08-23,6
731,Feid,Today's Top Latin Hits,CLASSY 101,2023-10-10,25
732,Knavery,937,937,2024-01-26,1
733,Sebastian Yatra,Today's Top Latin Hits,VAGABUNDO,2023-10-10,25
734,Samana,SAMANA,Seven Years,2024-05-24,9
735,Milos,La Expectativa,La Expectativa,2024-08-23,1
736,KAROL G,Mix: Lo Mejor de la M√∫sica Latina 2023,MIENTRAS ME CURO DEL CORA,2023-10-20,30
737,La Perversa,Reggaeton 2024 - Los Hits Del Regueton,EA,2023-12-04,13
738,Sebastian Yatra,Today's Top Latin Hits,Energ√≠a Bacana,2023-10-10,25
739,Mit√∫,DANZAAA,LOMA,2024-03-20,11
740,Sebastian Yatra,Top Latin Hits 2023,VAGABUNDO,2023-12-16,20
741,JHAYCO,Top Latin Hits 2023,Ex-Special,2023-12-16,20
742,Marc Segu√≠,TOP DE VERANO 2024,Tiroteo - Remix,2024-01-19,51
743,Katrina,No Siento (nada),No Siento (nada),2024-08-23,6
744,JHAYCO,Today's Top Latin Hits,Holanda,2023-10-10,25
745,Mit√∫,DANZAAA,JAA,2024-03-20,11
746,Turista,La Nueva Esquina,La √öltima,2023-05-30,8
747,Ela Taubert,Today's Top Latin Hits,¬øY Si Eras T√∫?,2023-10-10,25
748,Myke Towers,New Music 2024,ADIVINO,2024-06-29,60
749,KAROL G,Today's Top Latin Hits,TQG,2023-10-10,25
750,Pau Laggies,Club 614,Club 614,2024-06-13,13
751,Alvaro Diaz,The Highlights: Reggaet√≥n,BYAK,2024-04-22,25
752,Danny Ocean,LATIN MUSIC 2024,Swing,2024-09-12,50
753,KAROL G,Top Latin Hits 2023,TQG,2023-12-16,20
754,MO√úGLI,√Årboles,√Årboles,2024-03-08,1
755,Kali Uchis,Mix: Las M√°s Sonadas del 2023,fue mejor,2023-10-13,30
756,RATAS,Todo Pierde Su Color,Todo Pierde Su Color,2023-11-30,2
757,Kali Uchis,Despidiendo la Primavera Con M√∫sica Latina,Mu√±ekita,2024-06-13,34
758,Jarina De Marco,Caribbean All-Inclusive Luxury,Pool Bar,2023-09-05,9
759,Danny Ocean,LATIN MUSIC 2024,Me reh√∫so,2024-09-12,50
760,Cheo,Macumba,Macumba,2023-04-21,1
761,Rubytates,Salida,Salida,2023-04-21,1
762,Gio Chamba,¬°CHICHA TU MADRE!,¬°CHICHA TU MADRE!,2023-10-13,1
763,KAROL G,Hits de ahora,MERCURIO,2023-10-13,25
764,Giorgio Siladi,HACK,HACK,2024-03-01,1
765,El Otro Polo,33,33,2024-04-05,1
766,Cardi B,Club Brat,I Like It,2024-07-16,55
767,Young Miko,Top Latin Hits 2023,wiggy,2023-12-16,20
768,Bad Gyal,Mix: Lo Mejor de la M√∫sica Latina 2023,Chulo pt.2,2023-10-20,30
769,Regal86,La Onda,Skit,2023-02-05,12
770,Gino Amato,Latin Crossroads,Aranjuez,2024-08-23,11
771,Verdugos,BUITRE,BUITRE,2024-02-09,1
772,Omaraga the G,Mi Tierra Latina,Bejuma,2024-09-22,60
773,J Balvin,√âxitos Per√∫ 2023,LA CANCI√ìN,2023-12-16,30
774,ALYSS,Moon,Moon,2024-03-01,1
775,J Balvin,Fiestas 2023,COMO UN BEB√â,2023-11-24,25
776,KAROL G,Top Reggaeton Y Perreo,MERCURIO,2024-07-19,33
777,KAROL G,Hits 2023: Reggaet√≥n,TQG,2023-11-10,25
778,Feid,Today's Top Latin Hits,EXCXSXS,2023-10-10,25
779,Feid,New Global Pop Hits 2023 | Hot Hits International,Ni√±a Bonita,2023-05-30,23
780,Espuel√©rico,Una Playa En Aguadilla,Una Playa En Aguadilla,2023-08-25,1
781,Danny Ocean,Pop Latino 2024,Si no no,2024-07-12,50
782,Lao Ra,El Chico,El Chico,2024-01-25,1
783,La Mejor M√∫sica Electr√≥nica,Latino Moderno 2024,Pixelated Dreams,2024-09-19,9
784,Tita,Mundo Cruel (feat. Katz√π Oso) [Radio Edit],Mundo Cruel (feat. Katz√π Oso) - Radio Edit,2024-03-01,1
785,J Balvin,Top Latin Hits 2023,Dientes,2023-12-16,20
786,Nancy Sanchez,You Are,You Are,2024-07-15,1
787,Omaraga the G,Mi Tierra Latina,Ba,2024-09-22,60
788,Mit√∫,DANZAAA,YUCA,2024-03-20,11
789,Mit√∫,DANZAAA,NICHO,2024-03-20,11
790,Nancy Sanchez,Mexican American Novio,Mexican American Novio,2024-06-14,1
791,Katrina,Rosa,Rosa,2024-06-07,1
792,Sof√≠a Reyes,Top Latino Hits,El 100,2024-07-02,30
793,Omaraga the G,Mi Tierra Latina,Baruta,2024-09-22,60
794,Quevedo,LATIN MUSIC 2024,Playa del ingl√©s,2024-09-12,50
795,Mit√∫,DANZAAA,VAGO,2024-03-20,11
796,Margaux Bret,Latinas Gems,Alternative Heartland,2024-04-21,2
797,Omaraga the G,Mi Tierra Latina,Beirut,2024-09-22,60
798,Tropiezo,"Existe un mundo mejor, pero es muy caro","Existe un mundo mejor, pero es muy caro",2023-08-19,12
799,Jarina De Marco,Caribbean All-Inclusive Luxury,Pelo,2023-09-05,9
800,Zabuza,Latin Pop Volume 1.,Viva La Noche,2024-07-30,27
801,Danny Ocean,Pop Latino 2024,Si no no,2024-07-12,50
802,Lao Ra,El Chico,El Chico,2024-01-25,1
803,J Balvin,Top Latin Hits 2023,Dientes,2023-12-16,20
804,Christian Nodal,"Lo M√°s Hot ""Hits 2023""",De Los Besos Que Te Di,2023-10-16,25
805,Zabuza,Latin Pop Volume 1.,No Hay Manera,2024-07-30,27
806,Mit√∫,DANZAAA,YUCA,2024-03-20,11
807,Mit√∫,DANZAAA,NICHO,2024-03-20,11
808,Latin Electronic Dance Music,Spanish Electronic Dance Music (Copyright Free),Mexican Electronic Dance,2024-04-05,20
809,Para√≠sos,Respiro,Respiro,2023-03-03,1
810,Katrina,Rosa,Rosa,2024-06-07,1
811,Sof√≠a Reyes,Top Latino Hits,El 100,2024-07-02,30
812,Quevedo,LATIN MUSIC 2024,Playa del ingl√©s,2024-09-12,50
813,MPeach,Cosas Buenas,Cosas Buenas,2024-05-17,1
814,Mit√∫,DANZAAA,VAGO,2024-03-20,11
815,Margaux Bret,Latinas Gems,Alternative Heartland,2024-04-21,2
816,Jarina De Marco,Caribbean All-Inclusive Luxury,Pelo,2023-09-05,9
817,Kali Uchis,R&B Hits 2023,After The Storm,2023-05-30,20
818,Danny Ocean,Top Hits Latinos 2023,Dembow,2023-12-16,50
819,La Mejor M√∫sica Electr√≥nica,Latino Moderno 2024,SAKURA,2024-09-19,9
820,Milos,Agridulce,El Calent√≥n,2023-03-31,13
821,Marc Segu√≠,Hits nuevos y viejos,Tiroteo - Remix,2024-08-17,29
822,Cabra,Tiro Pa‚Äô Lante,Tiro Pa‚Äô Lante,2023-05-16,1
823,Tropiezo,3 Acordes en 45 Segundos: La Historia de Tropiezo (1997-2017),Tropiezo,2017-09-11,32
824,Anitta,Top Latin Hits 2023,Funk Rave,2023-12-16,20
825,Tokischa,Pop Latino 2024,SOL,2024-07-12,50
826,Myke Towers,Top Songs 2024,ADIVINO,2024-05-18,50
827,Onda Moderna,Bai Mudan,Bai Mudan,2023-12-15,1
828,Rema,Mix: Lo Mejor de la M√∫sica Latina 2023,Calm Down,2023-10-20,30
829,S√°gan,Sal,Sal,2023-08-11,1
830,J Balvin,The Best Pop Music Videos,LA CANCI√ìN,2024-05-10,29
831,JHAYCO,Top Latin Hits 2023,Holanda,2023-12-16,20
832,Campo-Formio,El lloroso de Cupey,El lloroso de Cupey,2023-02-14,1
833,Mint Field,Una flor sin interior,Ve hacia la ventana,2024-06-26,2
834,Sueco,2023 Rock,POS,2024-06-01,38
835,Bhietxa,ROMA,ROMA,2024-04-12,1
836,Illegal Nobility,Plot,Latina Fame,2024-09-02,4
837,Myke Towers,Pop Latino 2024,ADIVINO,2024-07-12,50
838,Llane,Latino Fest,Obvio,2024-09-20,30
839,Danny Ocean,Summer 2024 - Top 100 Songs,AMOR,2024-06-07,100
840,Words Four Two,Shadows,Shadows,2024-04-09,1
841,Elena Rose,Top Hits Latinos 2023,CARACAS EN EL 2000,2023-12-16,50
842,Feid,Top Canciones LATAM,Normal,2023-09-01,30
843,Seba Otero,Mejor Que Antes,Salitre,2022-07-28,2
844,Vic Contreras,Arriba En El Cielo,Arriba En El Cielo,2024-08-02,1
845,Renn,Top Latino Hits,Maquillaje - Remix,2024-07-02,30
846,KAROL G,Latin Music Hits,TQG,2023-05-31,34
847,Piso 21,Pop Latino y Energ√≠a Pop - 2023,Pa' olvidarme de ella,2024-05-21,39
848,Marc Segu√≠,LATIN MUSIC 2024,360,2024-09-12,50
849,Feid,The Highlights: Reggaet√≥n,LUNA,2024-04-22,25
850,Zion & Lennox,Top Hits Latinos 2023,Otra vez,2023-12-16,50
851,Milos,Serendipia,La Expectativa,2024-09-13,6
852,Danny Ocean,Per√∫ Hits 2023 Vol. 2,Me reh√∫so,2023-11-09,32
853,Jonna Torres,POP LATINO 2024,DO NOT DISTURB,2024-05-14,14
854,Danny Ocean,Latina - Latin Hits 2023,Me reh√∫so,2023-08-09,28
855,Tainy,HOLA 2024,MERA,2023-12-22,28
856,Feid,Latin Music Hits,PORFA,2023-05-31,34
857,Abraham Dorta,Siente,Siente,2024-03-18,11
858,Myke Towers,Top Latino Hits,ADIVINO,2024-07-02,30
859,LIT killah,Top Hits Latinos 2023,LuXxX,2023-12-16,50
860,Marc Segu√≠,Today's Latin Songs,Tiroteo - Remix,2023-10-26,36
861,Piso 21,Pop Latino 2024,La misi√≥n,2024-07-12,50
862,Nacho,Latin Summer 2024,B√°ilame,2024-04-29,30
863,Myke Towers,2024 Pop Songs,ADIVINO,2024-05-25,50
864,Danny Ocean,TOP LATINO HITS,M√≥naco,2023-11-03,40
865,Myke Towers,Top Pop New Music 2024,ADIVINO,2024-06-07,55
866,Feid,Top Latin Viral Hits 2023,EXCXSXS,2023-12-16,20
867,TROPA,O CALLA PARA SIEMPRE,GENUINO,2023-03-24,12
868,Caf√© Tacvba,Pop Latino Para Todos,Zopilotes,2024-10-11,34
869,Myke Towers,Top Tracks Pop,ADIVINO,2024-05-25,55
870,Sof√≠a Reyes,LATIN MUSIC 2024,Girls,2024-09-12,50
871,Yandel,LATIN MUSIC 2024,Borracho y loco,2024-09-12,50
872,Bad Gyal,Top Latin Hits 2023,Chulo pt.2,2023-12-16,20
873,Becky G,Today's Latin Songs,Mal de amores,2023-10-26,36
874,Joey Montana,Latin Music Hits,Picky,2023-05-31,34
875,Marc Segu√≠,Gustos variados,Tiroteo - Remix,2024-06-29,49
876,Nacho,Latin Music Hits,B√°ilame,2023-05-31,34
877,Feid,Top Latin Viral Hits 2023,BUBALU,2023-12-16,20
878,Danny Ocean,Super Hits 2023,Me reh√∫so,2024-02-03,58
879,Mit√∫,DANZAAA,BROLO,2024-03-20,11
880,Mala Cotton,G√©nero Fresco,Arcade,2024-10-04,10
881,LAGOS,Top Latino Hits,Dime qui√©n,2024-07-02,30
882,Signature Tracks,Latina Upbeat,Nostalgico,2024-09-06,37
883,Feid,Estate 2023 Hits Italia,Ni√±a Bonita,2023-08-15,44
884,Young Miko,Best Rap 2023,Riri,2023-10-05,30
885,Blessd,LATIN MUSIC 2024,Mirame,2024-09-12,50
886,Siete Catorce,2017,GT,2024-06-14,8
887,Polaris,CŒ±mŒ≤ŒπŒ∏s-Œ∑Œ±TŒºrŒ±LƒôS,CŒ±mŒ≤ŒπŒ∏s-Œ∑Œ±TŒºrŒ±LƒôS,2024-05-22,1
888,Hexagrams,Afantasma Mis Deseos de Venganza,Fantasma,2023-12-15,9
889,RATAS,demos (2022),La Reina De La Noche,2023-02-24,7
890,Daddy Yankee,Hip Hop Hits 2023,Vuelve,2023-02-08,31
891,Aliss,voces,Tiempo,2023-01-06,9
892,Yng Lvcas,LATIN MUSIC 2024,Wazap,2024-09-12,50
893,Ovy On The Drums,LATIN MUSIC 2024,EL HECHIZO,2024-09-12,50
894,Chika Di,Ven,Ven,2023-02-11,1
895,Justin Quiles,LATIN PARTY HITS,PAM,2024-06-27,28
896,Lucas,Latina,Latina,2024-06-20,1
897,Feid,Verano Heat Songs,LUNA,2024-06-03,34
898,Gye Poppin,Bad! Bunny! WHERE SHEe GOES!,Bad! Bunny! WHERE SHEe GOES!,2023-05-23,1
899,La R,En Cuarentena 2020,Yo la Voy a Celebrar,2020-12-05,5
900,Maria Becerra,LATIN MUSIC 2024,CORAZ√ìN VAC√çO,2024-09-12,50
901,J Balvin,Hits 2023: Reggaet√≥n,Nivel De Perreo,2023-11-10,25
902,KAROL G,Girly Pop Songs by Digster Pop,QLONA,2024-09-06,33
903,Sano,Latino Body Music Vol. IV,LxLxDxLxVx,2024-04-12,8
904,Easy Easy,Ok Okk,Ok Okk,2023-02-17,4
905,zzoilo,Top Latin Songs 2022,Mon Amour - Remix,2022-10-04,30
906,Jesse Baez,Los Latinos Tambi√©n Hacemos Pop,Mama Lola,2024-08-16,32
907,Gatoperro,Music Free,Music Free,2024-08-06,1
908,Konilo,Latina,Latina,2024-09-30,1
909,Fusion Latina,PERDI,PERDI,2024-02-03,1
910,Jhay Cortez,TOP LATINO HITS,Ande con quien ande,2023-11-03,40
911,Lasso,Top Latin Hits 2023,Ojos Marrones - Remix,2023-12-16,20
912,Myke Towers,Top 100 Songs of 2024,ADIVINO,2024-07-27,100
913,Feid,Oyendo Hitazos,FRIKI,2023-08-25,28
914,Ela Taubert,Top Latin Viral Hits 2023,Yo Primero,2023-12-16,20
915,Feid,Top Hits Latinos 2023,A veces,2023-12-16,50
916,Hip,Latin Trap,Latin Trap,2024-05-08,1
917,Feid,Volviendo de la Chamba,FRIKI,2024-05-24,25
918,Justin Quiles,LATIN MUSIC 2024,Whiskey y coco,2024-09-12,50
919,Myke Towers,50 BEST POP SONGS 2024,ADIVINO,2024-09-04,50
920,La Mejor M√∫sica Electr√≥nica,Latin Pop Workout 2024,Caribbean Feeling,2024-10-02,10
921,Tainy,Latino Hits 2022,Adicto,2022-09-01,48
922,Feid,Para perrearlas en la alfrombra,FRIKI,2023-06-08,30
923,KAROL G,Descubriendo Reggaeton Y Perreo Moderno,TQG,2024-07-02,32
924,Lolita De Sola,Bacalar,Bacalar,2024-06-28,1
925,Tiago PZK,TOP LATINO HITS,Traductor,2023-11-03,40
926,Rauw Alejandro,Fiest√≥n Navide√±o,Tattoo - Remix with Camilo,2024-07-19,30
927,Marc Segu√≠,Hits Verano Mix 2024,Tiroteo - Remix,2024-08-14,28
928,Feid,Hits 2023: Reggaet√≥n,Ni√±a Bonita,2023-11-10,25
929,KAROL G,Top Hits 2024,TQG,2024-09-01,70
930,KAROL G,Festival Anthems 2023,TQG,2023-06-20,41
931,Myke Towers,Pop 4 You,ADIVINO,2024-05-10,50
932,Danny Ocean,Latin UP,Me reh√∫so,2023-10-28,37
933,Jerry Di,Latin Summer 2024,Mi Cuarto,2024-04-29,30
934,Sof√≠a Reyes,Latin Reggaeton Pop,Luna,2024-06-12,48
935,Dorotheo,Nada Escrito,Capricho,2023-07-21,8
936,Micro TDH,Mega Hits Latinos,NEGRO MATE,2024-01-30,30
937,Myke Towers,Pop Now & What's Next,ADIVINO,2024-05-25,50
938,LAGOS,Pop Latino 2024,Sobrepens√°ndote,2024-07-12,50
939,Jarina De Marco,Fuego Lento,Fuego Lento,2023-08-29,1
940,Omaraga the G,Naciones Latinas,Alofi,2024-09-22,60
941,Las Villa,Pop Latino 2024,Bendita,2024-07-12,50
942,Danny Ocean,Hits Latinos,B√°ilame,2023-07-21,30
943,Siete Catorce,2018 pt. 1,BR,2024-06-21,10
944,La Mejor M√∫sica Electr√≥nica,Latino Moderno 2024,Volaremos,2024-09-19,9
945,Gran Radio Riviera,0-800 HOY,Eloy,2023-03-10,15
946,Feid,Celebrando el 2024,FRIKI,2023-12-29,25
947,Kiita,Latin Way,Latin Way,2024-09-06,1
948,Omaraga the G,Naciones Latinas,Alvorada,2024-09-22,60
949,La Mejor M√∫sica Electr√≥nica,Noches De Club Latino 2024,MOONLIGHT,2024-10-06,10
950,Danna Paola,Pop Latino Para Ti y Para Mi,Curame,2024-07-19,34
951,Feid,REGUET√ìN 2023,Ni√±a Bonita,2023-09-08,29
952,Feid,Solo Pop Latino,BUBALU,2024-01-08,25
953,Shoeg,Cross Section,Study On A Cross Section I,2024-10-09,5
954,La Mejor M√∫sica Electr√≥nica,Exitos En Espa√±ol Oto√±o 2024 (Electronica & Reggaeton),Candela Latina,2024-09-27,10
955,La Mejor M√∫sica Electr√≥nica,Noches De Club Latino 2024,Tropical Island Night,2024-10-06,10
956,Latino OB,My Dues,My Dues,2024-05-19,1
957,Sonex,Bailando,Bailando,2024-09-28,1
958,Leo Rizzi,Pop Latino 2024,ALGO ESPECIAL,2024-07-12,50
959,Ovy On The Drums,Top Latino Hits,BELLAQUERIA,2024-07-02,30
960,Justin Quiles,LATIN MUSIC 2024,Color√≠n Colorado,2024-09-12,50
961,Omaraga the G,Naciones Latinas,Acarigua,2024-09-22,60
962,Omaraga the G,Naciones Latinas,Alberca,2024-09-22,60
963,Jesse & Joy,Pop Latino 2024,Ma√±ana es Too Late,2024-07-12,50
964,Chris Jedi,Latin Summer 2024,Ahora Dice,2024-04-29,30
965,Feid,Mix: Las M√°s Sonadas del 2023,CLASSY 101,2023-10-13,30
966,Man√°,Hits Latinos,Rayando el sol,2023-07-21,30
967,Chino & Nacho,Latin Summer 2024,Ni√±a Bonita,2024-04-29,30
968,Sano,Latino Body Music Vol. IV,Muchachita,2024-04-12,8
969,Siete Catorce,2017,DL,2024-06-14,8
970,Omaraga the G,Naciones Latinas,Agulo,2024-09-22,60
971,Ragazzi,Mix: Pop Latino,Baila,2023-11-17,30
972,Omaraga the G,Naciones Latinas,Apure,2024-09-22,60
973,Sano,Latino Body Music Vol. IV,Comon Beibe,2024-04-12,8
974,Feid,Dembow 2023,CHORRITO PA LAS ANIMAS,2023-09-08,41
975,Stefan Elray,Best Of Indie Pop Music 2024,Monster,2024-03-22,23
976,Feid,Las Mejores Canciones del 2023,CLASSY 101,2023-12-01,30
977,Feid,Temazos y Hitazos: Latino,FRESH KERIAS,2023-08-11,40
978,Marc Segu√≠,Lo m√°s escuchado - Febrero 2024,Tiroteo - Remix,2024-02-27,24
979,Myke Towers,Hot Pop Bangers,ADIVINO,2024-05-29,50
980,Latin Electronic Dance Music,Spanish Electronic Dance Music (Copyright Free),Fuego de la Noche,2024-04-05,20
981,Danny Ocean,Latin Reggaeton Pop,AMOR,2024-06-12,48
982,Mayani Swave,Playlist,Hoodie,2024-01-04,6
983,Justin Quiles,Top Latino Hits,Faldas y gistros,2024-07-02,30
984,Omaraga the G,Naciones Latinas,Anento,2024-09-22,60
985,La Mejor M√∫sica Electr√≥nica,Verano Latino Exitos 2024,Rewired,2024-09-25,10
986,Ives Gros,Latinos Good Time,Blinding Release,2024-07-14,3
987,Myke Towers,Summer 2024 - Top 100 Songs,ADIVINO,2024-06-07,100
988,Myke Towers,"Hits, Favorites & New Ones",ADIVINO,2024-05-18,50
989,Myke Towers,Nueva m√∫sica en espa√±ol,ADIVINO,2024-07-17,19
990,KAROL G,Perreo Sin Freno,TQG,2024-10-04,33
991,Kali Uchis,√âxitos Costa Rica 2023,Moonlight,2023-12-16,30
992,Danny Ocean,Awesome Top Chart Hits,Me Reh√∫so,2023-06-30,57
993,Danny Ocean,Pop da classifica,Me reh√∫so,2023-11-16,55
994,Yongolailan,PALO-HIGH-YONGO,PALO-HIGH-YONGO,2024-01-21,1
995,Tainy,HOLA 2024,MALVADA,2023-12-22,28
996,Galgo,Caminando,Caminando,2023-08-23,1
997,Manon Sourd,Mysterious Smoke,Latin Select,2024-04-11,5
998,La Mejor M√∫sica Electr√≥nica,Latin Pop Workout 2024,Shibuya Nights,2024-10-02,10
999,Feid,Top Hits 2024,CLASSY 101,2024-09-01,70
