,Artista,Album,Cancion,Año Lanzamiento,Total tracks
0,Jean Dawson,Houston,Houston,2024-09-20,1
1,Caye,202Ø,202Ø,2020-11-13,1
2,DaBaby,GRAMMY PARTY,GRAMMY PARTY,2024-02-29,1
3,Gucci Mane,Greatest Of All Trappers - Gangsta Grillz Edition,GOAT,2024-08-16,12
4,JZAC,2023,2023,2023-01-27,1
5,Bazanji,2022,2022,2022-01-07,1
6,Shordie Shordie,Hip Hop 2024,OkOk,2024-05-18,35
7,Token,LIAR,LIAR,2024-08-15,3
8,Token,LOSER,LOSER,2024-07-11,1
9,Campel,Hip-Hip,Hip-Hip,2024-06-03,1
10,Common,Dreamin',Dreamin',2024-06-11,2
11,A Boogie Wit da Hoodie,Top Hip-Hop 2022,Drowning,2022-08-05,25
12,Blu,Love (the) Ominous World,Undisputed,2024-09-20,12
13,N2DEEP,"Hip Hop 100 Hits - Urban rap & R n B anthems inc. Jay Z, A$ap Rocky, Wu-Tang Clan & Nas",Back to the Hotel,2019-04-19,100
14,Common,Wise Up,Wise Up,2024-05-22,1
15,K.A.A.N.,Delusions Of Grandeur,Nightmare,2024-05-10,12
16,Justin Stone,EXPIRE,EXPIRE,2024-07-26,1
17,Logic,Figure It Out,Figure It Out,2023-06-21,1
18,K.A.A.N.,In Due Time,Weight,2024-08-30,14
19,Ka,The Thief Next to Jesus,Collection Plate,2024-09-19,14
20,DJ Feedo,Top Hip Hop And R&B Songs,The Moon - Mix 3,2021-12-30,5
21,Ka,The Thief Next to Jesus,Soul and Spirit,2024-09-19,14
22,Kid Cudi,Best Hip Hop 2022,Mr. Rager,2022-09-16,20
23,K.A.A.N.,Delusions Of Grandeur,Destiny,2024-05-10,12
24,K.A.A.N.,"Warm It Up, K.A.A.N.","Warm It Up, K.A.A.N.",2024-08-16,1
25,Guilty Simpson,Giants Of The Fall,Giants Of The Fall,2024-04-26,1
26,Kurious,Unknown Species,Unknown Species,2024-08-14,1
27,Naughty By Nature,The Naughtiest,Hip Hop Hooray,2024-10-04,10
28,K.A.A.N.,Rat Race,Rat Race,2024-07-05,1
29,SWAVAY,BABY,BABY,2024-02-14,1
30,Justin Stone,maybe this year,i did it again :/,2022-09-02,7
31,Token,LIAR,LOSER,2024-08-15,3
32,K.A.A.N.,Delusions Of Grandeur,Delusions Of Grandeur,2024-05-10,12
33,P-Lo,Moovie! 2: The Yeequel,HIP-HOP,2024-07-08,13
34,K.A.A.N.,In Due Time,Rat Race,2024-08-30,14
35,Evening Stroll,Something Warm,Something Warm,2024-02-23,1
36,Ty Dolla $ign,2022,2022,2023-01-07,1
37,NF,Hip-Hop 50: The New Vanguard,CAREFUL,2023-08-03,10
38,MIKE,MAY GOD BLESS YOUR HUSTLE,Years/Alone,2017-06-21,16
39,Kodak Black,Hip Hop 2022,Super Gremlin,2022-06-03,35
40,Killer Mike,Michael (Rap Album of the Year),MOTHERLESS,2024-02-04,25
41,NLE Choppa,Hip Hop 2022,Capo,2022-06-03,35
42,konb,Fingers Crossed,Fingers Crossed,2024-03-22,1
43,sleeping with shoes on,Drift,Drift,2024-08-16,1
44,DaBaby,Hip Hop Gems,BOP,2022-11-03,25
45,Aesop Rock,Garbology,The Only Picture,2021-11-12,14
46,Justin Stone,LUCK,LUCK,2024-04-12,1
47,Yeek,Future Reference,Last Night In Town,2023-08-25,15
48,NLE Choppa,Rap & Trap Hits 2022,Capo,2022-06-03,25
49,DaBaby,GRAMMY PARTY,GRAMMY PARTY,2024-02-29,1
50,Rowlan,ACTION,ACTION,2024-07-18,1
51,K.A.A.N.,Clarity,Clarity,2023-02-17,1
52,DELIRIUM,2022 MUZIK!,2022 MUZIK!,2022-02-10,1
53,JZAC,2024,2024,2024-01-17,1
54,Mac Black,This Is Hip Hop,Solitude,2023-02-07,12
55,K.A.A.N.,Ignorance Is Bliss,Thankful,2023-05-19,15
56,Dstar,Stars the Limit,Hip Hop Music (feat. J Jawzz),2017-06-06,15
57,Moneybagg Yo,Most Streamed Rap Songs 2023,Quickie,2023-10-17,35
58,JZAC,2022,2022,2022-01-21,1
59,Hemanifezt,THIS IS HIP HOP,THIS IS HIP HOP,2024-09-10,1
60,Blu,Los Angeles,Heaven (feat. C.S. Armstrong),2024-07-12,13
61,GRIP,STILL (Five & A F*** You) [Deluxe],Intro,2023-07-07,11
62,sleeping with shoes on,Reasons,Reasons,2024-07-19,1
63,Murs,Bigger Dreams,Bigger Dreams,2024-05-01,1
64,Mr. Cream,Hip Hop 2020,Hip Hop 2020,2020-08-19,1
65,Maadmax Vibes,Still Hip Hop,Pop,2024-08-10,7
66,GINGE,Playing Around,Rapscallion,2024-09-13,13
67,Will Smith,"Hip Hop 100 Hits - Urban rap & R n B anthems inc. Jay Z, A$ap Rocky, Wu-Tang Clan & Nas",Gettin' Jiggy Wit It,2019-04-19,100
68,LOCS,Bright and Early,Bright and Early,2019-08-09,1
69,J-Shin,Top Hip-Hop 2022,One Night Stand,2022-08-05,25
70,Lil Mosey,Best Hip Hop 2022,Blueberry Faygo,2022-09-16,20
71,Lil Mosey,Hip Hop Hits 2023,Blueberry Faygo,2023-02-08,31
72,toilet dreamzzz,Glitch Hop,elements of Hip Hop,2024-06-01,12
73,Gucci Mane,Hip-Hop Hits,Make Love,2022-07-01,24
74,Supreme Allah,Hip Hop Lockdown,Hip Hop Lockdown,2024-08-12,1
75,FRANK MULLAH,HIP HOP CELEBRATION ACAPELLA AND HIP HOP SCRATCHES,HIP HOP CELEBRATION ACAPELLA AND HIP HOP SCRATCHES,2023-10-14,1
76,Justin Stone,UP!,UP!,2024-04-05,1
77,Lil Mosey,Hip Hop 2022,Blueberry Faygo,2022-06-10,36
78,Token,KNOT,MAYFLOWER,2023-11-15,5
79,Lil Yachty,US Rap Hits 2022,Coffin,2022-03-25,29
80,Young Mandrilo,Hip Hop,Hip Hop,2024-07-25,1
81,Dead Prez,"Hip Hop 100 Hits - Urban rap & R n B anthems inc. Jay Z, A$ap Rocky, Wu-Tang Clan & Nas",Hip-Hop,2019-04-19,100
82,Maadmax Vibes,Still Hip Hop,Rockstar,2024-08-10,7
83,Jaah SLT,2021 Banger,2021 Banger,2021-01-22,1
84,NF,Summer Hip Hop Hits 2023,CAREFUL,2023-08-23,33
85,Doughphresh Da Don,Tape Deck Era,Hip Hop Eternal,2024-05-28,4
86,sleeping with shoes on,Relax,Relax,2024-01-26,1
87,K.A.A.N.,Gathering,Changed,2019-03-04,18
88,ICECOLDBISHOP,GENERATIONAL CURSE,LAST NIGHT,2023-03-24,13
89,Luna Fortuna,Hip Hop,Hip Hop,2024-07-08,1
90,HotInHipHop,Stuck In The Middle,Stuck In The Middle,2024-08-22,1
91,Blu,Royal Blu,The Royal,2024-02-09,8
92,DJ Muggs,ROC STAR,Soul Screaming,2024-03-29,12
93,IDK,USEE4YOURSELF,1995,2021-07-16,34
94,Evening Stroll,Inner City Staycation,Inner City Staycation,2023-12-01,1
95,GloRilla,Most Streamed Rap Songs 2023,Tomorrow 2,2023-10-17,35
96,Demrick,Stoney Point 4,The Recipe,2024-07-12,16
97,Kutt Calhoun,PANDEMIK,PANDEMIK,2024-07-19,1
98,Matthew Rix,Mattrix Minute: Best of 2018,How Hip-Hop Won The Music Industry,2019-03-05,39
99,Gift Of Gab,Finding Inspiration Somehow,Vice Grip,2021-09-10,13
100,Blu,abc,hip hop,2024-05-17,15
101,NF,Best Rap 2023,HOPE,2023-10-05,30
102,Token,Pink Is Better,Pink,2022-01-14,18
103,K.A.A.N.,Abstract Art,"Tendencies, Pt. 2",2015-10-11,17
104,DJ Muggs,Silver Cloud,Religion Of The Street,2024-05-03,17
105,SWAVAY,Pure Infinity,CLA 250 (Freestyle),2019-05-24,16
106,Bishop Nehru,BOY!,BOY!,2021-09-10,1
107,K.A.A.N.,Vivid Canvas,Black Music,2020-11-20,13
108,Token,GOLDY,MAYFLOWER,2023-10-20,4
109,2022 Hit Songs Music Mix,Chill Top Hit Songs Of 2022/2023,Hype Hit Songs Of 2022,2023-01-22,16
110,DJ Feedo,Top Hip Hop And R&B Songs,The Hurricane - Mix 4,2021-12-30,5
111,Wiz Khalifa,Top Hip-Hop 2022,"Work Hard, Play Hard",2022-08-05,25
112,Post Malone,Summer Hip Hop Hits 2023,Wow.,2023-08-23,33
113,K.A.A.N.,Ignorance Is Bliss,Going Under,2023-05-19,15
114,2022 Hit Songs Music Mix,New Hit Songs Of 2023,Top Bangers Of 2022,2023-01-17,17
115,Blu,The Color Blu(e),Mr. Blu(e),2021-09-24,11
116,Oscar #Worldpeace,Billboard Face,Billboard Face,2024-04-19,1
117,Jack Harlow,Hip Hop Hits 2022,Nail Tech,2022-06-24,25
118,Gift Of Gab,Rejoice! Rappers Are Rapping Again!,The Gentrification Song,2018-06-01,6
119,NLE Choppa,Hip Hop 2024,SLUT ME OUT 2,2024-05-18,35
120,Alcott,Rap or Die,Rap or Die,2024-02-02,1
121,Logic,Hottest Hip Hop 2018,Everyday,2018-08-24,28
122,Rhymefest,"Hip Hop 100 Hits - Urban rap & R n B anthems inc. Jay Z, A$ap Rocky, Wu-Tang Clan & Nas",Fever - Radio Edit,2019-04-19,100
123,Moneybagg Yo,Most Streamed Rap Songs 2023,Time Today,2023-10-17,35
124,Cardi B,Top Hip-Hop 2022,I Like It,2022-08-05,25
125,Hip Hop Loves,Hip Hop Loves Compilation Volume 1 Hip Hop 4 Haiti,Global Love Warming,2024-09-04,15
126,Brisko100,50 Years Of HipHop,50 Years Of HipHop,2023-09-30,1
127,J. Rawls,That Heat,That Heat,2024-05-31,1
128,Gang Starr,"Hip Hop 100 Hits - Urban rap & R n B anthems inc. Jay Z, A$ap Rocky, Wu-Tang Clan & Nas",Jazz Thing,2019-04-19,100
129,Real Hip Hop,Knowledge,Knowledge,2023-05-08,1
130,NF,Most Streamed Rap Songs 2023,Lie,2023-10-17,35
131,Lil Baby,Summer Hip Hop Hits 2023,Drip Too Hard,2023-08-23,33
132,Knox Hill,Blacklist,Hip Hop Is Dead,2021-12-10,14
133,Turbo,Hip Hop 2024,Bachelor,2024-05-18,35
134,K.A.A.N.,Ignorance Is Bliss,Hype,2023-05-19,15
135,Real Hip Hop,Kulture,Kulture,2023-05-09,1
136,K.A.A.N.,Requiem For A Dream Deferred,Eternal,2019-09-20,13
137,Lizzo,Today's Hip Hop Hits,Truth Hurts,2022-08-19,24
138,Blu,The Color Blu(e),People Call Me Blu(e),2021-09-24,11
139,Saweetie,Today's Hip Hop Hits,Tap In,2022-08-19,24
140,DaBaby,US Rap Hits 2022,Ball If I Want To,2022-03-25,29
141,Homeboy Sandman,People,People,2024-05-31,1
142,Jack Harlow,Hip Hop 2024,Lovin on Me,2024-05-18,35
143,The Hip-Hoppers,Oww,Oww,2024-09-23,1
144,Gift Of Gab,Finding Inspiration Somehow,Going Farther,2021-09-10,13
145,Tee Grizzley,Hip Hop 2024,Loop Hole (feat. 21 Savage),2024-05-18,35
146,Greengo,Green Business,Bigger Than Hip-Hop,2013-12-09,6
147,Blu,The Color Blu(e),Mr. Blu(e) Sky,2021-09-24,11
148,Migos,Summer Hip Hop Hits 2023,T-Shirt,2023-08-23,33
149,Blueface,Rap Hits 2021,Holy Moly,2021-01-29,24
150,K.A.A.N.,Gathering,Window,2019-03-04,18
151,Gucci Mane,Hip Hop 2024,Glizock & Wizop (feat. Key Glock),2024-05-18,35
152,Mustard,Best Hip Hop 2022,Ballin’,2022-09-16,20
153,Tee Grizzley,Top Rap 2024,Loop Hole,2024-02-15,35
154,Trey Songz,Top Hip-Hop 2022,LOL :-),2022-08-05,25
155,Token,Rockabye Baby,Rockabye Baby,2023-01-27,3
156,NF,Most Streamed Rap Songs 2023,HOPE,2023-10-17,35
157,Rae Sremmurd,Hip Hop Hits 2023,This Could Be Us,2023-02-08,31
158,Ja Rule,Most Streamed Rap Songs 2023,Mesmerize,2023-10-17,35
159,GloRilla,Best Of 2023: Breakout Artists,Lick Or Sum,2023-11-29,20
160,Gift Of Gab,Alchemy,Alchemy,2021-09-02,1
161,Hip Hub Cafe,Hip Hub Cafe,Bestthreat,2024-03-06,25
162,Blu,Gangster Music Vol. 1,Hip Hop Remix,2019-03-08,23
163,Reks,The Greatest X,H.I.P.H.O.P.,2016-09-09,35
164,FaRe 'N' HiTe,Hip Hop Mix (Dream's Ambition) [Original],Hip Hop Mix (Dream's Ambition) - Original,2021-03-15,1
165,Roddy Ricch,Hip Hop - Best of 2022,Real Talk,2022-11-04,42
166,Tee Grizzley,Best Hits 2024 - Popular Songs - Top Music,Swear to God (feat. Future),2024-05-29,50
167,Blu,The Color Blu(e),We Are Darker Than Blu(e),2021-09-24,11
168,Kodak Black,Today's Hip Hop Hits,Super Gremlin,2022-08-19,24
169,Kev-O,Rated U for Under,New Hip Hop Hooray,2018-06-19,11
170,Cardi B,Today's Hip Hop Hits,Up,2022-08-19,24
171,DJ krush,Alternative Hip Hop (2024 Remastered),Party Time - 2024 Remastered,2020-03-19,3
172,SWAVAY,ALMETHA’S SON (Deluxe),GROWN MAN,2023-07-12,17
173,Lil Baby,Best of 2021 Hip-Hop,Real As It Gets,2021-09-24,28
174,Aka Saint Dior,Hip Hop Calligraphy,Hip Hop Calligraphy,2024-06-18,1
175,A Boogie Wit da Hoodie,Hip Hop 2024,Steppas,2024-05-18,35
176,Mustard,Hip Hop Hits 2023,Ballin’,2023-02-08,31
177,A Boogie Wit da Hoodie,Top Hip-Hop Hits,Timeless - DJ SPINKING Remix,2022-06-03,28
178,Quavo,Most Streamed Rap Songs 2023,HOTEL LOBBY (Unc & Phew),2023-10-17,35
179,Trick Daddy,Top Hip-Hop 2022,Let's Go,2022-08-05,25
180,Abstract,AIR,Goldmine,2024-04-05,4
181,Diddy,Top Hip-Hop 2022,The Saga Continues,2022-08-05,25
182,NLE Choppa,Rap & Trap Hits 2022,SLUT ME OUT,2022-06-03,25
183,Kodak Black,Top Hip-Hop Hits,Patty Cake,2022-06-03,28
184,Top 40 Hip-Hop Hits,"Today's Pop, Rock, Dance and Hip-Hop Hits",Taste,2018-07-26,20
185,Apathy,The Black Lodge,Hip Hop Dummy,2015-06-30,50
186,Cardi B,Rap Songs 2022,Hot Shit,2022-07-29,20
187,Moneybagg Yo,US Rap Hits 2022,Scorpio,2022-03-25,29
188,NLE Choppa,Today's Hip Hop Hits,Camelot,2022-08-19,24
189,Don Toliver,Hip Hop 2024,Bandit,2024-05-18,35
190,JRocka,Sc Hip-Hop 100 Music Box,Carolina Take Over,2024-07-30,4
191,Gucci Mane,Today's Hip Hop Hits,Both,2022-08-19,24
192,Young Thug,100 Best Rap Songs of the 2010s & 2020s,Hot (feat. Gunna),2024-06-19,100
193,Black Rob,Top Hip-Hop 2022,Whoa!,2022-08-05,25
194,Sm!les,Hip Hop,Hip Hop,2024-04-29,1
195,Knox Hill,Blacklist,Hip Hop Show,2021-12-10,14
196,Gang Starr,Hip Hop Top Songs,Work,2023-08-04,46
197,Cardi B,Hip Hop 2024,Enough (Miami),2024-05-18,35
198,Group Home,Group Home,Hip Hop,2023-12-27,18
199,Iggy Azalea,Women of Hip Hop 2023,Team,2023-03-29,49
200,The Notorious B.I.G.,Top Hip-Hop 2022,Big Poppa,2022-08-05,25
201,Lil Uzi Vert,Hip Hop 2024,Flooded the Face,2024-05-18,35
202,112,Top Hip-Hop 2022,Peaches & Cream,2022-08-05,25
203,Saweetie,Hip Hop 2024,Richtivities,2024-05-18,35
204,R+R=NOW,Hip-Hop 50: Jazz x Hip-Hop,Awake To You,2023-09-13,27
205,Christ Hip Hop,Cross,Cross,2023-08-26,1
206,DJ Feedo,Top Hip Hop And R&B Songs,Happy New Year - Mix 1,2021-12-30,5
207,Rae Sremmurd,Afrobeat Heat Hits 2023,Guatemala - From Swaecation,2023-10-04,17
208,2 Chainz,Gaming Hits 2024,Grey Area,2024-05-15,30
209,Gazelle Hunter,Alt Hip Hop 2,Hope to Meet Your Maker,2023-02-28,9
210,Pop Smoke,Hip-Hop Workout 2022,Dior,2021-12-08,23
211,Urbanlegends,HIP-HOP,Lick ×4,2024-07-14,11
212,JZAC,"Freestyle Friday, Vol. 1",2020,2020-03-13,9
213,Nicki Minaj,Hip Hop Hits 2023,Super Freaky Girl,2023-02-08,31
214,Jack Harlow,RAP and HIP-HOP Hits,Tyler Herro,2023-08-11,45
215,Tee Marsh,Hip Hop Soja,Hip Hop Soja,2024-08-21,1
216,Joey Cool,Sweet,Sweet,2023-05-19,1
217,Da Endless,HIPHOP,HIPHOP,2022-09-15,1
218,Rap Caviar,Playlist,Playlist,2022-03-21,3
219,Jack Harlow,Top Hits 2022,First Class,2022-10-01,40
220,Global Don,Perfection,Generation Hip Hop,2024-09-27,14
221,Jack Harlow,2024 - Rap Hits,Dua Lipa,2023-11-18,31
222,DaBaby,Rap Hits 2021,ROCKSTAR,2021-01-29,24
223,Choi Seong,Sorrow,Hiphopdance,2021-06-24,16
224,Raphael Lake,Alt Hip Hop,Chose,2017-04-24,13
225,YGNXR,HIP HOP (2018),HIP HOP (2018),2018-11-04,1
226,HipHop Playlist,Chill HipHop Instrumentals Playlist,Hip Hop Radio Playlist,2022-07-26,20
227,Small D,NEW HIP-HOP 2023,Try That In A Small Town,2023-09-27,20
228,Kyle Sutton,ORCHESTRAL HIP HOP FOR SPORTS,Countdown To Action,2021-10-20,35
229,Boldy James,Latr (Tabs & Caps),Glad You Noticed,2018-12-08,23
230,Juice WRLD,Best Hip Hop 2022,Come & Go,2022-09-16,20
231,Juice WRLD,Hip Hop Hits 2023,Armed And Dangerous,2023-02-08,31
232,Diddy,Top Hip-Hop 2022,I Love You Baby,2022-08-05,25
233,Lor_Kreny,This Is Hip Hop,The Prologue,2024-09-04,7
234,Jack Harlow,Top Hip-Hop 2022,First Class,2022-08-05,25
235,Mustard,Hip-Hop Workout 2022,Ballin’,2021-12-08,23
236,Tee Grizzley,100 Best Rap Songs of the 2010s & 2020s,Swear to God (feat. Future),2024-06-19,100
237,Pop Smoke,Best Rap 2023,Dior,2023-10-05,30
238,DaBaby,Hip Hop Hits 2023,ROCKSTAR,2023-02-08,31
239,Urbanlegends,HIP-HOP,Mistakes,2024-07-14,11
240,Gucci Mane,Rap Songs 2024,TakeDat,2024-05-28,44
241,Juice WRLD,Hip Hop Hits 2023,Robbery,2023-02-08,31
242,Jack Harlow,Hits 2022 - Today's Top Songs,First Class,2022-05-27,29
243,Tee Grizzley,Rap Songs 2024,Swear to God (feat. Future),2024-05-28,44
244,Cardi B,Top Hip-Hop Hits,Please Me,2022-06-03,28
245,Hip Hub Cafe,Hip Hub Cafe,Best Move,2024-03-06,25
246,Kodak Black,TikTok Rap 2022,Transportin',2022-07-22,26
247,A2,All Spill,Clearly,2019-07-26,11
248,Jigmastas,Grassroots - The Prologue - Deluxe Edition,Hip Hop,2015-09-14,21
249,Leschea,Slow Flow: Hip Hop & R&B,Hip Hop,2019-11-22,24
250,Fastmoney Ant,Rap 2024 New Hot Hip Hop,"Bleed (feat. YFG Fatso, DCG Shun, DCG Bsavv, Lil King)",2024-07-21,50
251,Joey Cool,Sweet,Sweet,2023-05-19,1
252,Mustard,Hip Hop 2022,Ballin’,2022-06-10,36
253,Gucci Mane,Top Rap 2024,Glizock & Wizop,2024-02-15,35
254,Parker,HIP-HOP,HIP HOP,2024-09-13,1
255,Acclimate Hip Hop,Acclimation,Choices,2024-07-19,14
256,B.o.B,Top Hip-Hop 2022,Not for Long,2022-08-05,25
257,O2worldwide,BETTER,BETTER,2023-01-26,1
258,Logic,Rap That Slaps 2023,Gang Related,2023-09-27,30
259,Tee Grizzley,Rap Songs 2024,Loop Hole (feat. 21 Savage),2024-05-28,44
260,Blu,abc,compton watts,2024-05-17,15
261,DaBaby,US Rap Hits 2022,Red Light Green Light,2022-03-25,29
262,Lental,Hip Hop,An Introduction To Hip Hop,2024-03-29,14
263,A Boogie Wit da Hoodie,Top Rap 2024,Did Me Wrong,2024-02-15,35
264,Culture Clan,Lyrical Attack,Hip Hop,2024-03-29,15
265,NLE Choppa,Rap 2024 New Hot Hip Hop,Stickin and Movin,2024-07-21,50
266,Mac Miller,Top Hip-Hop 2022,Blue World,2022-08-05,25
267,Lil Baby,Hip-Hop Workout 2022,Woah,2021-12-08,23
268,Gucci Mane,Rap 2024 New Hot Hip Hop,TakeDat,2024-07-21,50
269,Blu,Other Shades Of Blu(e),The Blu(e)s,2021-06-14,10
270,Zero14,Hip Hop,Hip Hop,2024-07-30,1
271,Upgrade HipHop,Seasonal Obsession,Vitamins,2024-05-02,10
272,Kodak Black,Rap Songs 2022,Super Gremlin,2022-07-29,20
273,Hip Hub Cafe,Hip Hub Cafe,Yellow River,2024-03-06,25
274,Todays Top Hits,Todays Top Hits 2022,Music Hits,2022-09-30,17
275,Smooth Hiphop Cafe,Smooth Hiphop Cafe,Savour It,2021-01-09,10
276,Sonny Digital,Top Rap 2024,WAKENBAKE,2024-02-15,35
277,Saweetie,Hip-Hop Party Bangers 2024,NANi,2024-07-25,45
278,Toylah,The Rhino,Hip Hop Legends,2024-06-21,12
279,Hip Hub Cafe,Hip Hub Cafe,Last Fiction,2024-03-06,25
280,Quavo,Hip Hop Hits 2023,HOTEL LOBBY (Unc & Phew),2023-02-08,31
281,Migos,Summer Hip Hop Hits 2023,Stir Fry,2023-08-23,33
282,Megan Thee Stallion,Hip Hop - Best of 2022,Her,2022-11-04,42
283,YEAR OF THE OX,YEAR OF THE OX,Cabernet,2021-02-26,8
284,Lil Uzi Vert,Hip Hop - Best of 2022,FOR FUN,2022-11-04,42
285,Roddy Ricch,Hip Hop 2022,25 million,2022-06-03,35
286,2022 Hit Songs Music Mix,Top Hit Songs Of 2022,Viral Top Hits,2022-12-07,10
287,NLE Choppa,summer 2024: music for by the pool,It's Getting Hot,2024-05-09,36
288,Gucci Mane,2024 - Rap Hits,Woppenheimer,2023-11-18,31
289,Hip Hop for the World,#Hiphopishiphop,#Hiphopishiphop,2015-03-05,1
290,Trytonte,The Great Hip Hop Roll Back,The Great Hip Hop Roll Back,2024-10-05,1
291,2022 Hit Songs Music Mix,Top Hit Songs Of 2022,Fall Top Hits,2022-12-07,10
292,Naughty By Nature,Hip Hop Hooray (Re-Recorded) [Acapella] - Single,Hip Hop Hooray (Re-Recorded) [Acapella],2023-06-27,3
293,NLE Choppa,Top Pop New Music 2024,SLUT ME OUT 2,2024-06-07,55
294,Quavo,The Best Songs of 2023,HOTEL LOBBY (Unc & Phew),2023-12-01,32
295,Turbo,Top Rap 2024,Bachelor,2024-02-15,35
296,Mike Shinoda,Indie Alternative Now: Summer 2023 Edition,In My Head,2024-05-16,39
297,Roddy Ricch,2024 - Rap Hits,Ghetto Superstar,2023-11-18,31
298,Cardi B,100 Best Rap Songs of the 2010s & 2020s,I Like It,2024-06-19,100
299,Top 40 Hip-Hop Hits,"Today's Pop, Rock, Dance and Hip-Hop Hits",Adventure of a Lifetime,2018-07-26,20
300,Parker,HIP-HOP,HIP HOP,2024-09-13,1
301,Armani White,Hip Hop Hits,BILLIE EILISH.,2023-08-08,43
302,K.A.A.N.,Gathering,Slide,2019-03-04,17
303,A Boogie Wit da Hoodie,Hip Hop 2022,Man In the Mirror,2022-06-03,35
304,Khafre Jay,Critical Race Hip Hop,No Seconds,2024-06-19,12
305,KountUpWitdak,54 Baby 2,2020 (feat. Dirty Tay),2020-05-13,15
306,Tee Grizzley,Rap Songs 2024,Loop Hole (feat. 21 Savage),2024-05-28,44
307,Upgrade HipHop,Seasonal Obsession,Two Sided Tape,2024-05-02,10
308,Cardi B,New Jams - Top Hip Hop Today,Get up 10,2022-03-18,26
309,O2worldwide,Broadcasting,Fisher Price,2019-06-21,16
310,Lental,Hip Hop,An Introduction To Hip Hop,2024-03-29,14
311,midwxst,Best Hip Hop 2022,Tic Tac Toe,2022-09-16,20
312,A Boogie Wit da Hoodie,Top Rap 2024,Did Me Wrong,2024-02-15,35
313,Kodak Black,Hot Hip Hop 2020s,Dirt McGerk,2023-11-03,26
314,Culture Clan,Lyrical Attack,Hip Hop,2024-03-29,15
315,NLE Choppa,Rap 2024 New Hot Hip Hop,Stickin and Movin,2024-07-21,50
316,Hip Hub Cafe,Hip Hub Cafe,Dark Nightmare,2024-03-06,25
317,Mac Miller,Top Hip-Hop 2022,Blue World,2022-08-05,25
318,Lil Baby,Hip-Hop Workout 2022,Woah,2021-12-08,23
319,Gucci Mane,Rap 2024 New Hot Hip Hop,TakeDat,2024-07-21,50
320,Language Arts Crew,Applied Knowledge,The Last Letter,2004-01-01,16
321,Zero14,Hip Hop,Hip Hop,2024-07-30,1
322,Hip Hub Cafe,Hip Hub Cafe,November Blue,2024-03-06,25
323,Wu-Tang Clan,Top Hip-Hop 2022,Wu-Tang Reunion,2022-08-05,25
324,Lental,Hip Hop,Hip Hop,2024-03-29,14
325,Upgrade HipHop,Seasonal Obsession,Vitamins,2024-05-02,10
326,Kodak Black,Rap Songs 2022,Super Gremlin,2022-07-29,20
327,DaBaby,Hip-Hop Workout 2022,VIBEZ,2021-12-08,23
328,Tierra Whack,Women of Hip Hop 2023,Hungry Hippo,2023-03-29,49
329,Upgrade HipHop,Seasonal Obsession,Hypocrite,2024-05-02,10
330,Hip Hop Mix,Hip Hop MegaMix,Hip Hop MegaMix,2020-06-12,1
331,Saweetie,Hip-Hop Party Bangers 2024,NANi,2024-07-25,45
332,Shordie Shordie,Top Rap 2024,Contacts,2024-02-15,35
333,Quavo,Hip Hop Hits 2023,HOTEL LOBBY (Unc & Phew),2023-02-08,31
334,Migos,Summer Hip Hop Hits 2023,Stir Fry,2023-08-23,33
335,Tee Grizzley,Top Rap 2024,The Sopranos - (feat. Machine Gun Kelly),2024-02-15,35
336,Megan Thee Stallion,Hip Hop - Best of 2022,Her,2022-11-04,42
337,Gucci Mane,Top Hip-Hop Hits,Serial Killers,2022-06-03,28
338,Lil Uzi Vert,Hip Hop - Best of 2022,FOR FUN,2022-11-04,42
339,Roddy Ricch,Hip Hop 2022,25 million,2022-06-03,35
340,2022 Hit Songs Music Mix,Top Hit Songs Of 2022,Viral Top Hits,2022-12-07,10
341,Gucci Mane,2024 - Rap Hits,Woppenheimer,2023-11-18,31
342,Finesse2tymes,Top Rap 2024,Fat Boy - (feat. Rick Ross),2024-02-15,35
343,Rap Game,Today's Hip-Hop Radio Hits,Danger,2018-04-06,23
344,2022 Hit Songs Music Mix,Top Hit Songs Of 2022,Fall Top Hits,2022-12-07,10
345,Naughty By Nature,Hip Hop Hooray (Re-Recorded) [Acapella] - Single,Hip Hop Hooray (Re-Recorded) [Acapella],2023-06-27,3
346,Upgrade HipHop,Seasonal Obsession,Not You it's Me,2024-05-02,10
347,Lifesavas,Spirit in Stone,Emerge,2003-01-01,16
348,Roddy Ricch,2024 - Rap Hits,Ghetto Superstar,2023-11-18,31
349,Mary J. Blige,Women of Hip Hop 2023,Love No Limit - Remix,2023-03-29,49
350,Roddy Ricch,Rap 2024 New Hot Hip Hop,Survivor’s Remorse,2024-07-21,50
351,Urbanlegends,HIP-HOP,DK Slums,2024-07-14,11
352,Jazzy Hip Hop Lounge,Game Together,Hot Spotlight,2024-07-15,50
353,Yung Gravy,Hip Hop Hits 2023,Betty (Get Money),2023-02-08,31
354,Figero Scripp,Hip Hop Pop,On My Own,2024-02-08,10
355,Eve,Women of Hip Hop 2023,Let Me Blow Ya Mind,2023-03-29,49
356,DaBaby,Hip Hop Gems,ROCKSTAR,2022-11-03,25
357,DZ,Definition of a Hustler,Hip Hop's Changed,2024-08-05,10
358,Kaliii,Top Rap 2024,Area Codes,2024-02-15,35
359,$NOT,Rap - Best of 2022,Doja,2022-12-23,30
360,Roderick Porter,2024 - Rap Hits,OVER AGAIN,2023-11-18,31
361,Pop Smoke,US Rap Hits 2022,Woo Baby,2022-03-25,29
362,O2worldwide,FAKE,FAKE,2022-11-25,1
363,Trellion,Spilt,Spilt,2019-02-07,1
364,Playboi Carti,Hip Hop Hits 2023,Shoota,2023-02-08,31
365,Big Scarr,Rap Songs 2024,Bulletproof (feat. NLE Choppa),2024-05-28,44
366,K.A.A.N.,Gathering,Kyst,2019-03-04,17
367,Global Don,Hip Hop Is Killing Us,Hip Hop Is Killing Us,2024-01-02,1
368,HipHop Playlist,Chill HipHop Instrumentals Playlist,Hippy Hop Hop,2022-07-26,20
369,Luh Tyler,Hip Hop 2024,Bad Bitch,2024-05-18,35
370,Jack Harlow,Rap - Best of 2022,Dua Lipa,2022-12-23,30
371,Lil Tecca,Hottest in Hip Hop 2021,DUI,2021-04-28,30
372,LUM,Rap 2024 New Hot Hip Hop,Motions,2024-07-21,50
373,P-Lo,Moovie! 2: The Yeequel,HIP-HOP,2024-07-08,13
374,Todays Top Hits,2023 Top Hit Music Mix,Top Bangers Of 2022,2023-02-04,16
375,Todays Top Hits,2023 Top Hit Music Mix,Banger Songs Of 2022,2023-02-04,16
376,Jack Harlow,Top Trap 2022,Creme,2022-09-02,25
377,J. Rawls,Criminal Blinded,G Rap,2023-12-15,7
378,Baby Tate,Hip Hop - Best of 2022,Sl*t Him Out,2022-11-04,42
379,Rap Game,Today's Hip-Hop Radio Hits,Man's Not Hot,2018-04-06,23
380,Tee Grizzley,New Music 2024,Swear to God (feat. Future),2024-06-29,60
381,Deaf by Hip-Hop,The Return,Return,2024-08-05,2
382,Pop Smoke,Hip Hop Hits 2023,Dior,2023-02-08,31
383,Lil Baby,Hip-Hop Workout 2022,Drip Too Hard,2021-12-08,23
384,Lil Uzi Vert,Hip Hop Hits 2022,20 Min,2022-06-24,25
385,Top 40 Hip-Hop Hits,"Today's Pop, Rock, Dance and Hip-Hop Hits",Psycho,2018-07-26,20
386,Finesse2tymes,Rap 2024 New Hot Hip Hop,Mixed Feelings,2024-07-21,50
387,NLE Choppa,100 Best Rap Songs of the 2010s & 2020s,SLUT ME OUT,2024-06-19,100
388,GZA,Jazzy Rap,"Knock, Knock",2022-03-28,19
389,Bktherula,Top Hip-Hop Hits,SANTANNY,2022-06-03,28
390,Sole,False Field,False Field,2024-02-09,1
391,Moment in Color,Hip Hop Hope Pt.4,Hip Hop Hope Pt.4,2024-10-08,1
392,Lil Uzi Vert,RAP SUMMER HITS 2023,Grab the Wheel,2023-07-21,22
393,Upgrade HipHop,Seasonal Obsession,Turn Down for Wut?,2024-05-02,10
394,Kaliii,2024 - Rap Hits,Area Codes,2023-11-18,31
395,Del The Funky Homosapien,Best Of: Hip Hop,Mistadobalina,2024-09-04,45
396,Grandmaster Boogie,Hip-Hop Fusion,Hip-Hop Fusion,2024-01-19,1
397,Tee Grizzley,Top Tracks 100 Hot Hits,Loop Hole (feat. 21 Savage),2024-08-03,100
398,The Great Julius,Hip Hop Origins,Hip Hop Origins,2024-05-24,1
399,Mase,Top Hip-Hop 2022,Niggaz Wanna Act,2022-08-05,25
400,2022 Hit Songs Music Mix,Best Popular Top Hit Songs Of 2022,Top Hits Music Mix,2023-01-12,16
401,Blu,Other Shades Of Blu(e),Out Of The Blu(e),2021-06-14,10
402,Lil Baby,Hip Hop 2022,Ready,2022-06-10,36
403,Roddy Ricch,Hip Hop 2022,thailand,2022-06-03,35
404,Kodak Black,Rap & Trap Hits 2022,Super Gremlin,2022-06-03,25
405,DaBaby,Best of 2021 Gaming,BOP,2021-11-30,20
406,Roddy Ricch,Hip-Hop Party Bangers 2024,911,2024-07-25,45
407,YoungBoy Never Broke Again,Hip Hop Hits 2022,Make No Sense,2022-06-24,25
408,Hip Hop Saves Lives,Ability,Ability,2024-08-05,1
409,Nas,100 Hip Hop Hits,The Greatest,2014-04-14,100
410,Ravyn Lenae,Hits 2024 - Top Tracks,Dream Girl,2024-07-19,60
411,Hometown Hip-Hop,New York,Manhattan,2024-09-08,30
412,Cardi B,Best Songs of 2024,Like What (Freestyle),2024-05-09,21
413,Popular Songs,Best Top Tracks 2022 Playlist,2022 Top Hits,2022-10-17,18
414,Jack Harlow,100 Best Rap Songs of the 2010s & 2020s,Lovin on Me,2024-06-19,100
415,Snoop Dogg,Hip Hop Top Songs,Beautiful,2023-08-04,46
416,Yung Gravy,Best Hip Hop 2022,Betty (Get Money),2022-09-16,20
417,NLE Choppa,Hip Hop 2022,Jumpin,2022-06-03,35
418,Gucci Mane,Top Pop New Music 2024,TakeDat,2024-06-07,55
419,Pooh Shiesty,Hip Hop 2022,Next Up,2022-06-03,35
420,Juice WRLD,Hip Hop Hits 2023,Wishing Well,2023-02-08,31
421,Todays Top Hits,Todays Top 20 Hits - Hit Songs Radio Beats Mix,Hype Hit Songs Of 2022,2023-01-07,16
422,Eric Caspar,Bling Bling Hip Hop,Hip Hop Dynasty,2015-03-03,12
423,Tee Grizzley,Hip-Hop Party Bangers 2024,Loop Hole (feat. 21 Savage),2024-07-25,45
424,DaBaby,Hip Hop Top Songs,ROCKSTAR,2023-08-04,46
425,Ashnikko,Women of Hip Hop 2020s,STUPID,2024-01-26,26
426,DaBaby,Radio Hits 2020,ROCKSTAR,2020-09-11,25
427,Electronic Heores,Chaos Symphony,Genres Hiphop Drill (2100Db8B2B12481C89C20982C4Eff7D9),2024-04-22,9
428,Blueface,Rap Hits 2021,First Class,2021-01-29,24
429,Todays Top Hits,2022 Top Hit Songs Playlist,Top Bangers Of 2022,2022-12-29,16
430,Shoreline Mafia,Rap 2024 New Hot Hip Hop,HEAT STICK,2024-07-21,50
431,Jack Harlow,Rap & Trap Hits 2022,First Class,2022-06-03,25
432,Todays Top Hits,2022 Top Hit Songs Playlist,Hype Hit Songs Of 2022,2022-12-29,16
433,DaBaby,Rap Hits 2021,INTRO,2021-01-29,24
434,Blu,Other Shades Of Blu(e),Blu(e)s On My Mind,2021-06-14,10
435,Signature Tracks,Hip Hop,The One And Only,2024-09-06,38
436,DaBaby,Hip Hop 2022,ROCKSTAR,2022-06-10,36
437,Khafre Jay,Critical Race Hip Hop,Shoes Got Holes,2024-06-19,12
438,Greatest Hits 2023,Best Music Hits Of 2023,Top Hits,2023-08-10,11
439,Cardi B,Top Pop New Music 2024,Like What (Freestyle),2024-06-07,55
440,NLE Choppa,Hip-Hop Hits,Moonlight,2022-07-01,24
441,Todays Top Hits,Todays Top Hit Songs 2023,Top Bangers Of 2022,2023-02-08,16
442,HipHop Instrumentals,HipHop Instrumentals,Blurry (instrumental),2022-06-05,10
443,Baby Tate,Top Rap 2024,Lollipop,2024-02-15,35
444,Cardi B,Rap Songs 2024,Like What (Freestyle),2024-05-28,44
445,Jack Harlow,Rap & Trap - Hip Hop 2022,Dua Lipa,2022-06-24,30
446,Rap Game,Today's Hip-Hop Radio Hits,Spotlight,2018-04-06,23
447,Electronic Heores,Chaos Symphony,Genres Hiphop Drill (9155B4B57F6B45599761E3E9F51C4Ece),2024-04-22,9
448,DaBaby,Hip Hop Hits Vol.10,OFF THE RIP,2023-08-18,26
449,Todays Top Hits,Todays Top Hits Radio Playlist Mix 2022,Banger Songs Of 2022,2023-01-10,16
450,Wale,100 Best Rap Songs of the 2010s & 2020s,Bad (Remix) [feat. Rihanna],2024-06-19,100
451,Hometown Hip-Hop,Massachusetts,Boston,2024-09-12,30
452,DaBaby,Hip-Hop Mix,BOP,2023-07-13,21
453,Nate,Life & Lyrics,Bigger Than Hip-Hop,2010-12-25,10
454,Doctor Flake,Colors,Atlas,2024-04-19,12
455,GuzziWitDaMFKNUzii,Hip Hops Not Dead,F70r!DV B0!!Z,2024-06-24,5
456,Electronic Heores,Chaos Symphony,Genres Hiphop Drill (7Ddcba3063584452840962C54B942317),2024-04-22,9
457,Top 40 Hip-Hop Hits,Dope Hip-Hop Hits,In Da Club,2016-06-10,10
458,Ravyn Lenae,hot hits 2024,Dream Girl,2024-07-27,45
459,Bigger Story Music,Hip Hop Bangers,No Passes,2024-01-19,16
460,Jack Harlow,Hip Hop Hits 2022,First Class,2022-06-24,25
461,Street Vital,Urban Flux: The Intersection of Beat Theory and Hip-Hop Evolution,Golden Era Vibes,2024-09-08,6
462,Jack Harlow,Rap Songs 2022,First Class,2022-07-29,20
463,2022 Hit Songs Music Mix,Best Popular Top Hit Songs Of 2022,Snow Top Hit Songs,2023-01-12,16
464,Creed Tha Kid,Rap 2024 New Hot Hip Hop,Rule Together,2024-07-21,50
465,Kodak Black,Hip Hop Hits Now,Super Gremlin,2023-06-30,25
466,Upgrade HipHop,"People Change, So Do My Meds",Average,2023-11-22,13
467,Juice WRLD,Hip Hop Hits 2023,Lucid Dreams,2023-02-08,31
468,Maine the Medicine,The Cloth,"Hip Hop, Wrestling,and Kung Fu",2023-12-20,15
469,DaBaby,Hip Hop Today,Goin Baby,2023-04-12,27
470,DaBaby,Summer Hip Hop Hits 2023,ROCKSTAR,2023-08-23,33
471,Lil Baby,Most Streamed Rap Songs 2023,Drip Too Hard,2023-10-17,35
472,Cardi B,Rap 2024 New Hot Hip Hop,Like What (Freestyle),2024-07-21,50
473,Öster,Color of Sea,Color of Sea,2024-03-01,1
474,Todays Top Hits,Today Tracks Today - Top Hit Songs,2022 Hit Songs Music Mix,2023-01-03,16
475,Livestream Music,Livestream HipHop Music Mix,Stream Music,2022-11-21,19
476,Top Hip Hop DJs,100 Hip Hop 2010 Hits,On To The Next One (Made Famous by Jay Z),2010-09-01,100
477,NLE Choppa,Top Hip-Hop,Capo,2022-08-26,40
478,Eve,Women of Hip Hop 2023,Tambourine,2023-03-29,49
479,Lil Yachty,Best Hip Hop 2022,G.I. Joe,2022-09-16,20
480,Jack Harlow,Rap & Trap Hits 2022,Dua Lipa,2022-06-03,25
481,Khafre Jay,Critical Race Hip Hop,HU,2024-06-19,12
482,Post Malone,Hip Hop Hits 2023,One Right Now,2023-02-08,31
483,Kaliii,100 Best Rap Songs of the 2010s & 2020s,Area Codes,2024-06-19,100
484,Todays Top Hits,Today Tracks Today - Top Hit Songs,Top Bangers Of 2022,2023-01-03,16
485,Flyana Boss,Top Pop New Music 2024,yeaaa,2024-06-07,55
486,Todays Top Hits,Todays Top Hits Radio Playlist Mix,Top Bangers Of 2022,2022-10-19,20
487,Chase Akers,Hip Hop Archvies (2022),BUSTA,2023-09-08,2
488,Elle Green,"Hip Hop Dinner Party, Pt. 1",Higher Mind,2023-12-22,14
489,Lyrical I,The Real Lyrical EP,Movement for Hip Hop,2017-06-30,4
490,Top Hip Hop DJs,100 Hip Hop 2010 Hits,Number 1 (Made Famous by Tinchy Stryder),2010-09-01,100
491,2Rare,Rap 2024 New Hot Hip Hop,C4 (feat. Skilla Baby & Rob49),2024-07-21,50
492,Hip Hop Instrumentals,Hip Hop Instrumentals,Completion Rising,2022-12-01,50
493,Rap Game,Today's Hip-Hop Radio Hits,I Got It,2018-04-06,23
494,Bankrol Hayden,100 Best Rap Songs of the 2010s & 2020s,Costa Rica,2024-06-19,100
495,Cordae,Alternative Hip Hop,Two Tens,2023-07-14,25
496,Todays Top Hits,2022 Hit Songs Top Hits Today Music Playlist Radio Mix,2022 Top Hits,2023-01-14,16
497,A Boogie Wit da Hoodie,Hip Hop Hits Now,Bleed,2023-06-30,25
498,22Gz,Top Hip-Hop,Up N Stuck,2022-08-26,40
499,Yardie,HIP HOP WORLD CUP,MELODY,2024-08-23,7
